no,Animals_146_h.jpg,Animals_202_h.jpg,Landscapes_001_h.jpg,Landscapes_003_v.jpg,Landscapes_013_v.jpg,Sparks_sec001_SRC_1920x1080_x265.mp4
0,D,C,C,D,C,E
1,A,E,B,E,D,D
2,E,B,A,A,B,B
3,B,A,E,B,A,A
4,C,D,D,C,E,C
5,D,C,A,C,B,A
6,A,D,C,E,A,C
7,C,E,D,B,C,B
8,E,A,E,D,E,D
9,B,B,B,A,D,E
10,E,E,C,D,C,E
11,B,A,E,A,B,D
12,C,D,B,B,E,B
13,A,B,A,E,A,A
14,D,C,D,C,D,C
15,B,C,A,E,B,C
16,D,B,C,A,C,B
17,A,D,D,B,E,A
18,E,A,B,D,D,E
19,C,E,E,C,A,D
20,E,C,A,E,C,A
21,A,D,D,B,D,E
22,C,E,C,C,B,B
23,B,A,E,D,A,C
24,D,B,B,A,E,D
25,B,B,D,C,B,D
26,C,D,C,D,D,A
27,E,E,B,E,C,E
28,A,C,A,B,A,B
29,D,A,E,A,E,C
30,A,E,D,C,E,C
31,C,D,C,D,D,A
32,B,C,A,B,B,B
33,D,B,B,E,A,D
34,E,A,E,A,C,E
35,C,C,A,C,A,B
36,A,D,D,E,E,D
37,D,B,B,B,B,A
38,E,E,C,A,C,E
39,B,A,E,D,D,C
40,D,C,C,B,A,D
41,C,D,D,A,E,C
42,E,E,B,C,C,A
43,A,B,A,D,D,B
44,B,A,E,E,B,E
45,C,B,A,C,D,C
46,B,D,E,B,A,A
47,E,A,D,A,B,E
48,A,E,C,D,C,B
49,D,C,B,E,E,D
50,C,C,D,C,D,E
51,B,D,B,E,C,C
52,E,B,E,D,B,D
53,D,E,C,B,E,A
54,A,A,A,A,A,B
55,E,E,D,B,E,C
56,C,C,E,D,C,A
57,D,B,B,A,D,E
58,B,D,C,E,A,B
59,A,A,A,C,B,D
60,E,C,C,E,C,C
61,D,E,D,D,A,A
62,C,D,E,A,B,D
63,B,A,A,B,D,B
64,A,B,B,C,E,E
65,E,A,A,E,E,E
66,A,C,D,B,A,C
67,D,E,C,C,B,A
68,C,D,B,D,C,B
69,B,B,E,A,D,D
70,B,B,A,A,D,A
71,D,D,D,D,C,D
72,A,A,E,E,B,C
73,C,C,C,B,E,B
74,E,E,B,C,A,E
75,A,D,B,A,A,A
76,E,C,D,C,B,B
77,D,A,C,E,E,D
78,B,B,A,D,C,E
79,C,E,E,B,D,C
80,D,E,C,B,C,E
81,E,A,B,C,D,A
82,A,C,D,E,E,C
83,B,B,A,A,B,D
84,C,D,E,D,A,B
85,A,D,C,C,E,B
86,B,A,E,A,A,E
87,D,C,D,E,C,C
88,E,E,A,D,B,D
89,C,B,B,B,D,A
90,B,C,C,D,E,E
91,A,E,B,E,B,D
92,D,B,D,B,D,A
93,C,A,A,A,A,C
94,E,D,E,C,C,B
95,B,C,A,A,E,A
96,D,E,D,E,B,D
97,E,D,C,C,A,B
98,A,A,E,D,D,C
99,C,B,B,B,C,E
100,C,A,C,D,D,B
101,E,B,D,C,A,C
102,B,E,B,A,C,D
103,D,D,E,E,E,A
104,A,C,A,B,B,E
105,B,E,B,C,D,D
106,D,A,C,D,A,C
107,C,C,D,B,B,E
108,E,B,A,A,E,A
109,A,D,E,E,C,B
110,B,A,A,E,E,D
111,D,C,E,D,B,C
112,C,B,D,A,A,E
113,A,D,C,B,D,A
114,E,E,B,C,C,B
115,D,B,D,C,E,B
116,C,C,E,D,B,C
117,A,A,A,E,A,E
118,B,D,B,B,C,D
119,E,E,C,A,D,A
120,A,B,A,C,C,C
121,E,D,D,A,D,E
122,C,A,B,B,E,B
123,D,C,C,E,B,A
124,B,E,E,D,A,D
125,E,E,A,C,C,B
126,B,B,D,E,A,E
127,C,A,C,B,E,C
128,D,D,B,D,B,D
129,A,C,E,A,D,A
130,A,A,E,C,B,D
131,C,B,B,E,A,B
132,D,D,C,B,E,E
133,B,C,D,D,C,A
134,E,E,A,A,D,C
135,E,B,E,E,D,A
136,B,D,A,D,E,B
137,C,E,C,B,B,C
138,D,A,B,A,A,D
139,A,C,D,C,C,E
140,A,C,C,E,C,D
141,D,D,A,D,A,C
142,E,A,D,A,B,E
143,C,B,B,B,D,B
144,B,E,E,C,E,A
145,D,A,C,E,B,E
146,A,D,B,B,E,A
147,B,E,E,C,D,C
148,E,B,D,D,A,B
149,C,C,A,A,C,D
150,B,D,D,B,C,A
151,E,E,E,A,E,E
152,A,B,C,E,A,B
153,D,A,B,C,D,D
154,C,C,A,D,B,C
155,D,A,E,A,B,C
156,A,C,A,E,E,B
157,B,B,D,D,C,E
158,E,E,B,B,D,D
159,C,D,C,C,A,A
160,B,C,B,E,D,A
161,A,D,A,C,C,E
162,D,A,C,A,E,D
163,C,B,E,D,A,C
164,E,E,D,B,B,B
165,C,C,D,A,D,B
166,B,A,A,C,C,E
167,A,E,B,E,B,D
168,D,D,E,D,A,C
169,E,B,C,B,E,A
170,C,D,B,E,C,B
171,A,C,C,A,D,E
172,E,E,D,C,B,D
173,D,B,A,D,A,C
174,B,A,E,B,E,A
175,A,D,A,E,B,E
176,E,A,E,A,E,B
177,C,E,D,B,A,A
178,D,C,C,C,C,D
179,B,B,B,D,D,C
180,A,D,B,A,A,C
181,B,A,E,B,E,A
182,C,C,A,C,B,B
183,D,E,C,D,D,D
184,E,B,D,E,C,E
185,B,A,D,D,B,C
186,A,B,E,C,A,B
187,E,C,B,B,C,E
188,D,E,A,A,E,A
189,C,D,C,E,D,D
190,C,D,C,A,C,E
191,B,B,D,B,E,C
192,D,E,E,E,A,A
193,E,A,B,C,D,D
194,A,C,A,D,B,B
195,D,E,A,C,C,B
196,A,B,E,B,E,D
197,C,C,B,D,A,C
198,E,A,C,A,B,E
199,B,D,D,E,D,A
200,A,C,A,D,A,E
201,C,B,E,C,E,C
202,B,D,C,B,C,B
203,D,E,D,E,B,D
204,E,A,B,A,D,A
205,B,B,E,C,D,A
206,E,C,A,A,B,B
207,D,E,C,D,A,D
208,C,D,D,E,E,C
209,A,A,B,B,C,E
210,A,B,C,A,E,D
211,D,A,A,C,D,A
212,C,D,B,E,A,E
213,E,E,E,D,B,C
214,B,C,D,B,C,B
215,E,C,C,E,B,E
216,C,B,D,C,C,B
217,B,A,E,A,E,C
218,A,E,A,D,D,A
219,D,D,B,B,A,D
220,C,D,B,A,B,B
221,D,C,D,B,D,D
222,B,B,A,D,E,E
223,E,A,E,E,A,A
224,A,E,C,C,C,C
225,E,B,B,C,A,B
226,B,C,D,A,C,A
227,C,D,C,D,D,D
228,D,E,A,E,E,C
229,A,A,E,B,B,E
230,E,A,C,B,B,E
231,A,E,B,D,A,C
232,D,B,D,C,D,D
233,B,C,E,E,C,A
234,C,D,A,A,E,B
235,A,A,B,B,E,D
236,B,C,A,E,D,A
237,D,B,C,A,A,C
238,E,D,D,C,B,B
239,C,E,E,D,C,E
240,D,E,C,B,A,E
241,C,B,D,D,C,C
242,A,C,B,A,D,D
243,B,A,E,C,E,A
244,E,D,A,E,B,B
245,C,D,E,B,E,E
246,E,A,A,E,A,A
247,B,B,B,D,D,B
248,A,C,D,A,C,C
249,D,E,C,C,B,D
250,E,C,A,D,E,B
251,D,B,B,A,A,C
252,A,E,D,B,C,E
253,B,D,C,E,B,A
254,C,A,E,C,D,D
255,A,B,B,A,E,A
256,D,D,E,C,D,B
257,E,A,D,E,A,C
258,B,E,A,D,B,E
259,C,C,C,B,C,D
260,E,C,C,C,D,B
261,D,E,B,B,C,D
262,C,D,D,D,A,E
263,A,A,E,E,E,C
264,B,B,A,A,B,A
265,D,B,C,D,D,D
266,C,A,E,E,E,B
267,A,D,D,C,C,A
268,B,E,A,A,B,C
269,E,C,B,B,A,E
270,E,D,B,B,D,B
271,A,C,E,E,B,C
272,C,A,C,D,E,D
273,B,B,D,C,A,E
274,D,E,A,A,C,A
275,D,A,C,E,A,B
276,B,D,A,B,B,C
277,A,E,D,C,C,A
278,C,B,E,D,E,E
279,E,C,B,A,D,D
280,D,B,C,A,E,E
281,C,D,A,C,C,D
282,E,A,D,D,D,C
283,B,E,E,E,A,A
284,A,C,B,B,B,B
285,D,C,B,B,E,A
286,B,E,C,D,C,E
287,A,B,A,C,D,C
288,C,A,D,A,A,D
289,E,D,E,E,B,B
290,D,B,E,D,D,A
291,E,E,C,E,E,E
292,A,D,D,B,C,D
293,C,A,A,C,A,B
294,B,C,B,A,B,C
295,B,E,E,A,C,A
296,E,D,D,C,E,E
297,D,C,B,E,D,D
298,C,B,A,D,A,C
299,A,A,C,B,B,B
300,C,E,B,B,A,B
301,A,D,E,E,C,A
302,D,B,A,C,B,D
303,E,C,D,D,E,E
304,B,A,C,A,D,C
305,C,C,B,E,B,D
306,E,D,A,B,D,B
307,D,A,E,A,E,A
308,A,B,D,C,A,E
309,B,E,C,D,C,C
310,B,B,A,E,E,A
311,E,A,C,A,C,B
312,A,E,E,C,A,E
313,D,D,B,B,B,C
314,C,C,D,D,D,D
315,B,A,B,E,C,D
316,E,C,C,B,A,E
317,D,B,E,D,B,A
318,A,E,D,A,D,B
319,C,D,A,C,E,C
320,B,E,E,B,E,C
321,A,A,D,C,A,D
322,E,C,C,E,C,E
323,D,D,B,D,D,A
324,C,B,A,A,B,B
325,D,D,E,D,B,A
326,E,E,D,E,D,E
327,A,C,A,A,C,B
328,C,B,B,B,A,C
329,B,A,C,C,E,D
330,B,A,E,C,B,B
331,A,E,D,B,D,D
332,D,D,A,D,A,E
333,E,B,C,A,C,C
334,C,C,B,E,E,A
335,E,E,B,B,C,A
336,B,D,A,A,A,C
337,D,B,D,E,D,E
338,C,A,E,C,E,B
339,A,C,C,D,B,D
340,D,B,C,E,B,B
341,E,E,A,B,D,A
342,C,D,E,D,E,D
343,A,C,B,C,C,C
344,B,A,D,A,A,E
345,D,C,D,B,D,C
346,C,E,A,D,B,D
347,A,B,C,C,E,B
348,B,D,E,E,A,E
349,E,A,B,A,C,A
350,A,B,E,B,A,A
351,E,E,D,A,C,B
352,D,D,A,E,D,D
353,B,A,C,D,B,E
354,C,C,B,C,E,C
355,D,E,D,A,A,D
356,E,C,C,C,E,E
357,B,B,B,E,B,C
358,C,A,E,B,D,B
359,A,D,A,D,C,A
360,C,A,C,C,E,E
361,A,D,E,B,B,D
362,E,E,B,D,C,C
363,D,C,D,E,D,A
364,B,B,A,A,A,B
365,B,E,D,E,E,D
366,C,A,A,A,C,A
367,D,D,C,B,D,C
368,E,B,B,D,B,B
369,A,C,E,C,A,E
370,C,E,D,D,A,A
371,B,C,A,A,E,D
372,D,B,C,B,C,E
373,A,A,E,C,D,C
374,E,D,B,E,B,B
375,A,E,A,C,B,E
376,C,D,B,D,C,C
377,E,C,E,B,D,D
378,D,B,D,E,E,B
379,B,A,C,A,A,A
380,E,D,B,B,E,B
381,C,C,A,E,B,D
382,D,B,C,C,C,C
383,A,A,D,D,D,A
384,B,E,E,A,A,E
385,E,B,E,C,A,B
386,B,E,D,A,C,A
387,A,D,B,B,D,E
388,C,C,C,E,E,D
389,D,A,A,D,B,C
390,B,C,B,C,A,B
391,A,D,E,B,C,A
392,C,B,C,A,B,D
393,E,E,A,E,E,E
394,D,A,D,D,D,C
395,B,B,E,A,B,C
396,C,E,A,B,C,A
397,E,C,B,E,E,E
398,A,A,D,C,D,B
399,D,D,C,D,A,D
400,A,C,A,B,A,D
401,E,D,E,C,C,A
402,C,B,B,A,D,B
403,B,A,C,E,B,E
404,D,E,D,D,E,C
405,C,C,C,E,D,A
406,B,B,A,A,A,E
407,D,E,E,C,E,B
408,A,A,D,B,B,C
409,E,D,B,D,C,D
410,E,E,E,E,B,B
411,D,B,B,D,E,D
412,B,A,C,C,A,A
413,C,D,A,B,D,C
414,A,C,D,A,C,E
415,E,E,A,B,D,E
416,B,D,E,D,A,D
417,C,B,C,C,C,C
418,D,C,B,E,E,A
419,A,A,D,A,B,B
420,E,D,C,B,B,A
421,B,B,B,D,A,E
422,D,E,D,C,C,C
423,A,A,E,A,E,B
424,C,C,A,E,D,D
425,C,E,C,A,A,E
426,D,D,A,D,C,D
427,A,A,B,B,E,C
428,B,B,D,E,D,B
429,E,C,E,C,B,A
430,B,B,D,A,B,C
431,A,D,A,B,C,A
432,D,A,C,D,E,D
433,C,C,E,C,A,E
434,E,E,B,E,D,B
435,A,D,C,E,C,B
436,B,A,B,B,A,D
437,E,B,A,C,B,C
438,D,C,E,D,E,E
439,C,E,D,A,D,A
440,D,A,C,B,B,D
441,C,B,A,C,C,C
442,B,E,B,A,A,B
443,E,D,E,E,D,E
444,A,C,D,D,E,A
445,A,E,C,D,C,D
446,D,A,D,C,E,E
447,C,C,A,B,B,B
448,E,B,B,A,A,C
449,B,D,E,E,D,A
450,D,A,A,B,B,E
451,B,D,E,A,C,D
452,E,C,D,C,D,B
453,A,B,B,D,A,C
454,C,E,C,E,E,A
455,C,D,A,C,D,A
456,D,C,E,A,A,B
457,B,A,B,D,B,D
458,E,E,C,B,E,C
459,A,B,D,E,C,E
460,B,C,B,B,D,B
461,E,A,A,A,C,D
462,A,E,E,E,E,A
463,D,B,D,D,B,C
464,C,D,C,C,A,E
465,D,D,A,A,B,A
466,A,B,D,E,E,C
467,B,E,B,C,C,D
468,C,C,C,D,A,B
469,E,A,E,B,D,E
470,A,C,E,E,E,E
471,E,E,D,C,D,B
472,B,D,A,B,B,D
473,D,A,C,D,A,C
474,C,B,B,A,C,A
475,A,E,A,C,C,D
476,D,D,B,D,B,C
477,C,A,E,B,D,A
478,B,C,D,A,E,B
479,E,B,C,E,A,E
480,E,A,E,B,C,A
481,C,C,B,A,D,D
482,A,E,C,D,B,E
483,B,B,D,C,E,B
484,D,D,A,E,A,C
485,D,D,C,B,C,B
486,C,E,B,D,A,A
487,E,C,A,A,B,D
488,A,A,D,C,D,E
489,B,B,E,E,E,C
490,E,C,C,E,E,B
491,C,A,A,B,C,C
492,B,B,B,D,A,E
493,D,E,E,C,B,A
494,A,D,D,A,D,D
495,B,E,A,D,C,B
496,E,C,B,C,B,D
497,C,A,E,B,D,C
498,D,D,D,E,A,E
499,A,B,C,A,E,A
500,B,D,D,A,B,C
501,D,E,C,C,A,B
502,C,B,E,B,D,A
503,A,A,A,E,E,D
504,E,C,B,D,C,E
505,D,D,D,B,A,C
506,A,E,E,D,E,B
507,B,A,B,A,C,E
508,C,B,C,E,B,D
509,E,C,A,C,D,A
510,C,B,C,A,B,E
511,A,C,A,E,C,C
512,E,D,B,C,D,D
513,B,A,D,D,E,A
514,D,E,E,B,A,B
515,E,A,C,C,E,E
516,B,E,D,D,B,C
517,C,B,E,A,C,D
518,D,D,A,B,D,A
519,A,C,B,E,A,B
520,E,D,C,B,A,E
521,D,E,A,A,B,B
522,C,B,D,D,C,C
523,B,A,B,C,E,A
524,A,C,E,E,D,D
525,C,A,D,E,C,A
526,D,D,A,D,B,B
527,A,C,B,B,D,D
528,B,B,C,C,E,C
529,E,E,E,A,A,E
530,E,A,B,D,A,D
531,D,B,D,A,D,E
532,B,C,C,B,E,B
533,A,D,A,E,B,C
534,C,E,E,C,C,A
535,C,D,C,A,E,A
536,D,A,B,E,D,B
537,B,C,A,C,B,D
538,E,E,E,B,C,C
539,A,B,D,D,A,E
540,A,E,A,A,D,E
541,B,C,C,D,E,B
542,E,B,E,E,A,A
543,C,D,B,B,C,C
544,D,A,D,C,B,D
545,B,D,C,B,D,B
546,C,E,B,E,C,E
547,D,A,D,C,A,D
548,A,B,E,A,B,C
549,E,C,A,D,E,A
550,C,A,A,C,D,B
551,E,C,B,A,E,D
552,A,B,D,E,B,E
553,B,D,E,B,A,C
554,D,E,C,D,C,A
555,D,D,A,A,C,A
556,C,B,B,C,A,E
557,E,E,C,D,D,D
558,A,C,E,E,B,C
559,B,A,D,B,E,B
560,E,C,B,E,A,E
561,C,A,D,A,D,B
562,B,D,A,D,B,D
563,A,E,C,B,E,A
564,D,B,E,C,C,C
565,D,E,A,C,C,D
566,C,A,E,B,A,C
567,A,D,D,E,B,B
568,E,C,B,A,D,E
569,B,B,C,D,E,A
570,E,E,D,C,A,B
571,D,B,E,B,D,D
572,A,C,C,A,E,A
573,C,D,A,D,C,E
574,B,A,B,E,B,C
575,A,E,E,D,D,A
576,B,D,B,A,A,E
577,C,B,D,B,E,B
578,E,A,A,E,B,D
579,D,C,C,C,C,C
580,C,C,D,B,C,B
581,D,E,B,C,B,A
582,E,B,C,E,E,C
583,B,D,A,A,A,D
584,A,A,E,D,D,E
585,C,C,A,C,A,E
586,D,E,E,D,D,C
587,E,B,D,B,C,B
588,B,D,C,E,B,A
589,A,A,B,A,E,D
590,C,C,A,C,B,D
591,D,A,B,D,D,E
592,B,D,E,B,E,C
593,E,E,D,E,C,A
594,A,B,C,A,A,B
595,B,D,B,B,A,D
596,E,C,A,C,D,B
597,C,A,E,D,C,A
598,A,B,D,A,E,C
599,D,E,C,E,B,E
600,D,C,E,A,B,A
601,B,A,B,D,A,D
602,E,D,A,E,E,B
603,C,B,D,B,C,E
604,A,E,C,C,D,C
605,A,D,B,A,E,B
606,D,B,C,C,D,A
607,E,E,D,D,C,E
608,C,A,E,B,B,C
609,B,C,A,E,A,D
610,C,C,C,E,B,A
611,A,B,A,D,A,C
612,D,A,B,A,C,B
613,E,E,E,C,D,E
614,B,D,D,B,E,D
615,E,B,E,E,E,C
616,B,C,D,B,A,B
617,D,A,B,A,B,D
618,A,E,C,D,C,E
619,C,D,A,C,D,A
620,B,C,E,A,A,B
621,D,B,B,B,D,C
622,A,D,D,C,E,E
623,C,E,C,D,C,A
624,E,A,A,E,B,D
625,A,E,E,B,B,B
626,C,D,C,C,A,D
627,D,A,A,E,D,A
628,E,B,D,A,E,E
629,B,C,B,D,C,C
630,B,B,A,A,E,C
631,C,E,B,C,C,B
632,E,D,C,E,B,A
633,A,A,E,D,A,D
634,D,C,D,B,D,E
635,C,A,E,B,A,E
636,B,E,C,E,C,B
637,D,C,D,C,B,A
638,E,B,A,D,E,C
639,A,D,B,A,D,D
640,A,B,D,E,B,A
641,C,A,B,D,D,E
642,D,D,E,B,E,C
643,B,E,C,A,A,B
644,E,C,A,C,C,D
645,A,C,B,B,B,B
646,B,D,C,A,A,C
647,C,A,E,C,E,D
648,D,E,A,D,C,A
649,E,B,D,E,D,E
650,C,A,D,D,E,E
651,D,B,C,A,A,A
652,B,C,B,B,C,D
653,A,D,E,C,D,B
654,E,E,A,E,B,C
655,D,A,C,E,D,C
656,E,D,B,A,E,B
657,A,C,A,D,B,D
658,C,B,E,C,A,E
659,B,E,D,B,C,A
660,A,B,C,C,E,D
661,B,D,A,A,D,C
662,C,A,E,E,B,A
663,E,C,D,D,A,E
664,D,E,B,B,C,B
665,E,B,E,E,C,B
666,C,C,B,D,D,C
667,B,D,D,B,B,A
668,A,A,A,C,E,D
669,D,E,C,A,A,E
670,D,C,C,A,D,D
671,E,E,D,C,C,A
672,C,A,A,B,E,E
673,A,B,E,E,A,C
674,B,D,B,D,B,B
675,B,E,C,C,D,D
676,D,A,B,A,B,C
677,E,D,E,D,E,E
678,C,B,A,B,A,B
679,A,C,D,E,C,A
680,D,D,C,E,D,E
681,A,C,E,A,B,C
682,C,B,A,D,A,B
683,B,A,D,C,E,D
684,E,E,B,B,C,A
685,E,C,D,D,B,D
686,A,A,B,A,D,E
687,D,D,C,C,C,A
688,B,B,A,B,E,B
689,C,E,E,E,A,C
690,C,B,A,E,E,B
691,D,A,C,D,C,C
692,A,E,D,C,B,D
693,B,D,E,A,A,A
694,E,C,B,B,D,E
695,C,E,D,B,C,E
696,E,A,B,C,A,D
697,A,B,C,E,E,A
698,D,D,A,A,B,C
699,B,C,E,D,D,B
700,B,D,C,A,D,D
701,C,C,B,C,A,E
702,E,B,E,B,E,C
703,D,E,A,D,B,A
704,A,A,D,E,C,B
705,C,B,A,E,E,C
706,E,A,B,C,B,D
707,A,D,D,A,D,B
708,D,C,E,B,C,E
709,B,E,C,D,A,A
710,D,D,E,D,B,A
711,A,A,B,A,A,B
712,C,B,D,E,E,D
713,E,E,A,B,C,C
714,B,C,C,C,D,E
715,D,D,C,D,D,C
716,E,C,D,E,A,B
717,A,A,E,C,C,A
718,B,B,A,B,E,E
719,C,E,B,A,B,D
720,C,A,A,C,C,B
721,E,B,C,D,B,D
722,A,E,D,A,D,E
723,B,C,B,E,E,C
724,D,D,E,B,A,A
725,D,C,C,B,A,B
726,C,A,A,D,B,A
727,E,B,E,A,D,D
728,A,D,B,E,C,E
729,B,E,D,C,E,C
730,D,C,D,E,D,A
731,B,D,E,A,A,E
732,A,E,A,D,E,B
733,C,B,B,C,B,C
734,E,A,C,B,C,D
735,C,B,C,B,D,D
736,A,C,E,A,E,C
737,D,A,B,D,C,B
738,B,E,D,C,A,A
739,E,D,A,E,B,E
740,C,B,A,D,E,E
741,A,C,C,E,B,A
742,B,A,B,B,C,B
743,E,D,D,C,D,D
744,D,E,E,A,A,C
745,B,E,D,B,A,D
746,A,D,E,C,D,B
747,E,A,A,D,E,E
748,D,C,B,A,B,C
749,C,B,C,E,C,A
750,E,A,E,D,D,B
751,B,C,D,A,E,C
752,C,B,A,E,C,E
753,D,E,B,B,B,D
754,A,D,C,C,A,A
755,B,C,B,B,C,E
756,E,A,D,C,D,D
757,D,B,C,D,A,C
758,A,E,E,E,B,A
759,C,D,A,A,E,B
760,D,D,D,A,B,E
761,E,C,A,B,E,C
762,C,B,C,D,C,B
763,A,E,E,C,D,D
764,B,A,B,E,A,A
765,D,E,D,D,C,D
766,E,B,E,A,B,E
767,C,D,C,C,E,B
768,A,A,B,B,D,A
769,B,C,A,E,A,C
770,E,D,C,E,A,C
771,A,A,B,C,B,B
772,C,E,D,B,C,A
773,D,B,A,A,E,D
774,B,C,E,D,D,E
775,E,D,B,A,E,E
776,C,A,E,E,D,C
777,D,E,D,C,B,A
778,A,C,A,D,A,D
779,B,B,C,B,C,B
780,D,C,D,E,C,A
781,E,A,E,A,A,D
782,B,E,A,C,B,C
783,C,D,B,B,E,B
784,A,B,C,D,D,E
785,B,A,C,C,D,B
786,A,D,D,E,C,C
787,E,E,A,A,E,A
788,D,B,B,D,A,D
789,C,C,E,B,B,E
790,A,E,A,D,C,A
791,E,D,C,C,A,D
792,D,A,B,A,D,C
793,C,B,E,B,B,E
794,B,C,D,E,E,B
795,E,C,C,C,E,E
796,C,E,E,E,B,A
797,B,B,A,D,D,C
798,A,D,B,A,A,B
799,D,A,D,B,C,D
800,D,D,A,D,C,D
801,E,E,B,E,A,E
802,C,B,E,C,B,B
803,A,A,D,B,E,C
804,B,C,C,A,D,A
805,B,B,E,D,C,D
806,C,A,C,B,D,B
807,A,E,D,C,B,C
808,E,D,A,E,A,A
809,D,C,B,A,E,E
810,E,C,B,C,A,E
811,B,D,D,A,D,A
812,A,E,A,E,C,B
813,D,B,E,B,B,C
814,C,A,C,D,E,D
815,C,A,A,C,A,C
816,E,B,D,B,E,E
817,B,C,B,A,D,D
818,A,D,E,D,B,A
819,D,E,C,E,C,B
820,A,A,B,B,A,B
821,B,D,C,D,E,C
822,C,C,D,A,C,A
823,D,E,E,E,D,D
824,E,B,A,C,B,E
825,D,D,B,B,E,C
826,B,A,A,E,D,E
827,A,C,E,C,C,B
828,C,E,D,D,B,D
829,E,B,C,A,A,A
830,B,B,B,D,D,C
831,D,C,A,C,E,E
832,E,A,D,B,A,D
833,C,D,C,E,C,B
834,A,E,E,A,B,A
835,B,A,A,D,D,E
836,C,D,C,E,B,C
837,E,B,D,C,A,B
838,A,C,E,B,E,A
839,D,E,B,A,C,D
840,A,D,B,B,D,D
841,D,B,C,A,B,A
842,E,C,D,C,A,B
843,B,A,E,E,E,E
844,C,E,A,D,C,C
845,D,C,B,A,E,D
846,A,A,C,E,B,E
847,C,B,E,C,D,C
848,E,D,D,B,C,A
849,B,E,A,D,A,B
850,D,E,C,D,B,B
851,C,A,B,A,D,C
852,A,C,D,E,C,D
853,B,D,E,B,A,E
854,E,B,A,C,E,A
855,E,A,A,A,A,A
856,C,D,B,E,D,B
857,D,C,D,B,C,C
858,A,B,E,D,E,E
859,B,E,C,C,B,D
860,A,D,C,B,A,A
861,C,E,A,C,B,C
862,B,C,E,D,C,B
863,D,A,D,E,E,E
864,E,B,B,A,D,D
865,E,C,A,B,B,D
866,D,D,E,E,C,C
867,A,A,D,A,D,E
868,B,B,C,C,A,A
869,C,E,B,D,E,B
870,A,B,E,E,E,D
871,B,E,B,C,B,C
872,C,D,A,A,A,A
873,D,A,D,B,D,E
874,E,C,C,D,C,B
875,E,C,A,D,E,A
876,C,D,C,A,B,C
877,B,E,D,B,C,E
878,A,B,E,C,D,D
879,D,A,B,E,A,B
880,B,C,E,E,E,B
881,E,D,D,C,B,E
882,D,E,B,B,C,C
883,C,B,A,A,D,D
884,A,A,C,D,A,A
885,A,C,E,B,E,B
886,E,E,D,C,A,D
887,D,D,C,D,B,E
888,B,A,B,A,D,A
889,C,B,A,E,C,C
890,B,D,B,D,D,B
891,A,B,D,B,B,A
892,C,C,C,E,E,E
893,E,E,A,A,A,D
894,D,A,E,C,C,C
895,A,E,B,B,A,B
896,C,B,D,A,B,D
897,E,D,A,C,C,E
898,B,A,E,D,E,A
899,D,C,C,E,D,C
900,B,B,B,B,D,E
901,D,D,A,D,E,A
902,C,E,D,E,C,D
903,A,C,C,A,B,B
904,E,A,E,C,A,C
905,E,E,C,D,B,D
906,D,D,B,C,C,A
907,A,B,E,A,A,E
908,B,A,A,E,D,B
909,C,C,D,B,E,C
910,C,D,B,A,A,B
911,D,A,C,E,B,D
912,E,B,D,B,C,A
913,A,C,E,D,E,C
914,B,E,A,C,D,E
915,E,C,B,B,E,C
916,D,E,D,E,D,A
917,B,D,A,C,A,E
918,C,B,E,D,B,D
919,A,A,C,A,C,B
920,A,C,E,A,A,C
921,D,D,D,E,E,D
922,B,B,B,C,B,B
923,C,E,C,B,D,A
924,E,A,A,D,C,E
925,C,E,E,E,D,D
926,D,A,B,B,B,B
927,B,D,A,A,E,A
928,A,B,D,C,A,C
929,E,C,C,D,C,E
930,A,B,E,B,D,C
931,D,C,D,E,B,A
932,B,E,C,A,C,D
933,E,D,B,C,A,B
934,C,A,A,D,E,E
935,B,B,A,A,B,A
936,D,A,D,E,A,D
937,E,C,C,D,D,E
938,A,E,E,C,E,B
939,C,D,B,B,C,C
940,B,C,D,B,E,A
941,C,E,B,E,C,C
942,E,A,E,D,A,D
943,A,B,C,A,B,B
944,D,D,A,C,D,E
945,A,A,B,D,D,C
946,D,C,C,B,B,D
947,C,B,E,E,A,E
948,B,E,D,C,E,A
949,E,D,A,A,C,B
950,C,E,E,C,B,D
951,E,A,D,A,E,B
952,A,B,A,D,C,E
953,D,D,C,E,A,A
954,B,C,B,B,D,C
955,A,C,B,B,C,E
956,E,D,A,A,B,B
957,D,A,C,E,E,D
958,C,B,D,D,D,A
959,B,E,E,C,A,C
960,D,C,E,E,E,D
961,A,B,A,B,A,C
962,B,A,B,D,C,A
963,E,E,D,A,B,B
964,C,D,C,C,D,E
965,C,D,C,D,A,C
966,A,E,E,C,D,B
967,B,C,D,E,B,E
968,E,A,A,B,E,D
969,D,B,B,A,C,A
970,D,E,E,E,B,D
971,A,A,C,D,C,B
972,E,D,B,C,A,A
973,B,C,D,B,E,E
974,C,B,A,A,D,C
975,D,D,A,D,E,A
976,E,A,B,C,C,E
977,B,B,E,B,B,B
978,A,C,C,E,D,C
979,C,E,D,A,A,D
980,B,C,E,A,C,D
981,E,D,A,C,D,E
982,A,E,D,E,A,B
983,D,B,C,B,B,C
984,C,A,B,D,E,A
985,E,E,D,A,E,E
986,C,C,B,B,B,C
987,A,B,A,C,C,D
988,D,A,C,D,A,A
989,B,D,E,E,D,B
990,A,E,E,C,C,C
991,D,D,B,D,B,E
992,C,B,A,E,D,A
993,E,C,C,A,E,B
994,B,A,D,B,A,D
995,B,E,D,A,E,D
996,A,A,C,C,C,A
997,E,C,A,B,D,E
998,C,B,B,E,A,B
999,D,D,E,D,B,C
1000,A,B,A,D,D,E
1001,D,D,C,A,C,A
1002,E,C,E,B,A,B
1003,B,A,B,C,E,D
1004,C,E,D,E,B,C
1005,D,B,E,D,D,C
1006,B,A,D,C,A,E
1007,C,C,A,A,E,A
1008,A,D,C,E,C,B
1009,E,E,B,B,B,D
1010,B,A,E,A,D,A
1011,A,C,A,D,C,C
1012,E,B,D,E,A,D
1013,C,E,B,B,E,B
1014,D,D,C,C,B,E
1015,C,D,C,A,E,B
1016,D,B,E,C,B,C
1017,A,E,B,B,C,D
1018,B,A,A,E,A,E
1019,E,C,D,D,D,A
1020,C,C,E,D,C,B
1021,E,A,B,B,A,E
1022,B,B,D,C,E,A
1023,D,E,A,A,B,C
1024,A,D,C,E,D,D
1025,E,A,D,A,B,E
1026,D,D,A,B,C,D
1027,B,C,C,C,E,B
1028,C,E,B,D,D,A
1029,A,B,E,E,A,C
1030,B,C,E,E,E,C
1031,D,D,B,D,A,A
1032,E,E,C,A,C,B
1033,A,A,D,C,B,D
1034,C,B,A,B,D,E
1035,A,E,A,D,D,E
1036,E,B,E,C,E,B
1037,B,C,D,B,B,D
1038,D,D,B,E,A,C
1039,C,A,C,A,C,A
1040,A,C,B,B,B,C
1041,D,A,D,C,C,A
1042,B,B,E,D,A,E
1043,E,E,C,A,D,D
1044,C,D,A,E,E,B
1045,B,B,C,D,C,C
1046,A,A,D,C,D,A
1047,E,C,B,B,B,E
1048,D,E,E,A,E,B
1049,C,D,A,E,A,D
1050,D,B,A,B,A,E
1051,A,C,B,E,E,B
1052,C,A,E,C,C,D
1053,B,E,D,A,D,C
1054,E,D,C,D,B,A
1055,C,E,B,A,D,B
1056,D,D,C,C,B,C
1057,E,B,D,B,E,E
1058,B,A,E,D,C,A
1059,A,C,A,E,A,D
1060,C,B,A,D,D,D
1061,D,D,D,E,A,A
1062,A,E,C,A,C,E
1063,B,C,B,B,B,C
1064,E,A,E,C,E,B
1065,B,B,D,E,E,E
1066,C,E,E,A,A,A
1067,D,D,B,B,C,D
1068,A,C,A,D,D,B
1069,E,A,C,C,B,C
1070,D,A,E,D,C,E
1071,C,E,A,C,B,C
1072,B,D,D,E,D,A
1073,E,C,C,B,A,B
1074,A,B,B,A,E,D
1075,B,B,D,A,A,B
1076,E,E,E,E,B,A
1077,C,C,C,B,D,D
1078,D,D,A,D,C,E
1079,A,A,B,C,E,C
1080,E,C,A,C,B,D
1081,C,D,B,B,C,A
1082,B,A,D,E,D,C
1083,A,E,C,A,E,E
1084,D,B,E,D,A,B
1085,C,E,A,D,C,E
1086,B,A,C,E,A,C
1087,E,D,D,B,B,A
1088,A,B,B,C,D,D
1089,D,C,E,A,E,B
1090,D,B,A,C,C,B
1091,B,E,B,E,E,C
1092,A,A,E,A,D,A
1093,C,C,D,D,A,E
1094,E,D,C,B,B,D
1095,C,D,C,A,E,B
1096,D,B,A,C,B,E
1097,E,A,B,E,C,D
1098,A,C,D,D,D,A
1099,B,E,E,B,A,C
1100,D,C,C,C,A,B
1101,C,B,B,D,B,D
1102,B,D,A,B,E,E
1103,A,E,E,E,D,A
1104,E,A,D,A,C,C
1105,C,B,C,B,A,E
1106,D,C,D,C,E,C
1107,B,E,E,A,C,B
1108,E,A,B,D,B,D
1109,A,D,A,E,D,A
1110,E,C,E,C,B,B
1111,A,B,B,A,C,A
1112,D,D,C,D,A,C
1113,B,A,A,B,E,E
1114,C,E,D,E,D,D
1115,B,C,B,E,A,B
1116,A,D,E,B,C,E
1117,D,B,A,D,D,C
1118,C,A,C,C,B,D
1119,E,E,D,A,E,A
1120,D,B,E,E,E,C
1121,E,C,B,A,D,B
1122,B,E,A,B,C,A
1123,C,D,C,D,A,E
1124,A,A,D,C,B,D
1125,E,C,C,E,D,D
1126,A,B,D,B,C,C
1127,C,E,A,C,B,B
1128,B,D,E,D,E,A
1129,D,A,B,A,A,E
1130,B,E,C,B,B,D
1131,A,A,A,E,E,A
1132,E,C,E,A,C,E
1133,D,D,B,C,A,C
1134,C,B,D,D,D,B
1135,C,D,C,D,E,E
1136,B,C,A,A,C,A
1137,A,E,E,E,A,B
1138,E,A,D,C,B,D
1139,D,B,B,B,D,C
1140,E,B,C,A,B,B
1141,A,D,A,B,D,D
1142,B,A,D,C,C,E
1143,C,C,E,E,A,A
1144,D,E,B,D,E,C
1145,D,B,A,B,D,D
1146,A,E,D,D,B,E
1147,B,A,E,E,C,C
1148,E,D,C,A,A,A
1149,C,C,B,C,E,B
1150,C,C,A,B,D,E
1151,B,E,D,E,C,B
1152,E,D,B,C,A,C
1153,D,B,E,A,E,D
1154,A,A,C,D,B,A
1155,C,A,E,D,A,A
1156,A,B,C,B,D,E
1157,E,D,B,C,B,B
1158,D,E,A,A,E,C
1159,B,C,D,E,C,D
1160,E,E,A,E,D,B
1161,D,B,E,B,C,D
1162,B,C,C,A,E,A
1163,C,A,B,D,B,C
1164,A,D,D,C,A,E
1165,E,C,B,C,C,B
1166,C,A,E,A,B,E
1167,D,E,C,B,D,D
1168,A,D,D,D,E,A
1169,B,B,A,E,A,C
1170,C,D,B,B,C,C
1171,B,C,E,C,D,D
1172,D,E,D,E,B,A
1173,A,B,C,D,E,B
1174,E,A,A,A,A,E
1175,E,D,E,A,A,D
1176,C,C,D,E,E,B
1177,D,B,B,B,D,E
1178,A,A,A,C,B,A
1179,B,E,C,D,C,C
1180,A,B,E,D,B,A
1181,E,E,D,B,D,C
1182,B,A,A,C,A,E
1183,D,C,B,E,C,B
1184,C,D,C,A,E,D
1185,B,E,D,E,A,D
1186,D,C,A,D,E,E
1187,E,A,B,C,D,C
1188,C,B,E,A,C,B
1189,A,D,C,B,B,A
1190,E,A,A,E,C,A
1191,D,B,D,C,E,C
1192,C,E,C,A,A,B
1193,A,C,E,D,D,D
1194,B,D,B,B,B,E
1195,B,D,A,D,E,B
1196,C,B,E,B,C,C
1197,A,C,B,E,B,D
1198,E,A,C,C,D,E
1199,D,E,D,A,A,A
1200,C,D,A,A,E,D
1201,A,B,B,B,A,C
1202,E,C,C,E,D,A
1203,D,A,D,C,C,B
1204,B,E,E,D,B,E
1205,E,B,C,D,C,D
1206,C,E,B,E,A,E
1207,D,C,E,B,E,A
1208,B,D,A,A,D,B
1209,A,A,D,C,B,C
1210,D,A,C,B,E,D
1211,E,C,D,E,A,A
1212,C,E,B,C,B,C
1213,A,D,E,D,C,E
1214,B,B,A,A,D,B
1215,D,D,E,E,C,E
1216,A,A,C,C,A,A
1217,C,E,B,A,E,C
1218,B,B,D,D,B,D
1219,E,C,A,B,D,B
1220,B,D,D,E,E,C
1221,D,A,B,D,D,A
1222,C,E,E,A,A,B
1223,A,C,A,C,B,E
1224,E,B,C,B,C,D
1225,D,D,A,C,A,A
1226,C,E,C,B,D,E
1227,B,B,B,A,C,C
1228,E,C,E,D,B,B
1229,A,A,D,E,E,D
1230,E,B,E,A,D,A
1231,C,A,B,D,C,E
1232,D,C,C,B,E,B
1233,B,D,A,C,A,D
1234,A,E,D,E,B,C
1235,C,A,B,E,A,A
1236,A,B,A,D,C,C
1237,E,D,C,A,E,D
1238,B,C,D,B,D,B
1239,D,E,E,C,B,E
1240,D,A,D,E,B,D
1241,C,C,E,C,C,A
1242,A,E,C,B,E,B
1243,B,B,A,D,D,E
1244,E,D,B,A,A,C
1245,A,A,E,D,E,B
1246,B,D,D,C,C,E
1247,D,B,B,A,B,D
1248,E,C,A,E,D,A
1249,C,E,C,B,A,C
1250,B,D,B,E,D,D
1251,D,E,A,A,E,A
1252,C,B,E,C,B,B
1253,E,C,C,B,A,C
1254,A,A,D,D,C,E
1255,D,E,A,D,E,D
1256,C,C,D,A,C,A
1257,B,B,E,C,B,E
1258,E,A,B,E,D,C
1259,A,D,C,B,A,B
1260,A,D,C,D,C,B
1261,B,E,D,B,E,E
1262,D,A,A,E,D,C
1263,E,B,B,A,A,D
1264,C,C,E,C,B,A
1265,E,E,B,B,E,A
1266,A,D,A,E,A,C
1267,C,A,C,D,B,E
1268,B,B,E,A,C,B
1269,D,C,D,C,D,D
1270,C,C,C,D,C,D
1271,D,B,E,E,D,C
1272,E,E,D,C,E,B
1273,A,D,A,B,A,A
1274,B,A,B,A,B,E
1275,D,E,B,A,B,D
1276,E,B,A,D,E,C
1277,A,C,E,B,A,A
1278,B,A,D,E,C,B
1279,C,D,C,C,D,E
1280,C,C,D,D,B,B
1281,B,B,E,B,E,D
1282,D,E,C,A,A,E
1283,A,D,B,C,C,C
1284,E,A,A,E,D,A
1285,E,D,E,B,B,A
1286,D,E,A,A,C,E
1287,C,B,D,E,E,C
1288,B,C,B,D,D,B
1289,A,A,C,C,A,D
1290,B,D,B,D,D,E
1291,D,C,A,E,B,A
1292,A,A,D,B,C,B
1293,C,E,C,A,A,C
1294,E,B,E,C,E,D
1295,E,C,D,B,E,B
1296,D,B,E,A,D,C
1297,C,D,B,D,A,E
1298,B,A,C,C,B,D
1299,A,E,A,E,C,A
1300,D,D,E,B,B,B
1301,C,E,C,A,C,E
1302,A,B,D,D,D,D
1303,B,C,B,C,A,A
1304,E,A,A,E,E,C
1305,E,A,D,E,D,B
1306,C,E,C,D,E,E
1307,A,B,E,C,A,D
1308,B,D,B,B,B,A
1309,D,C,A,A,C,C
1310,A,D,D,D,B,D
1311,E,C,C,A,D,C
1312,D,B,B,C,E,E
1313,B,E,A,B,A,A
1314,C,A,E,E,C,B
1315,B,D,E,D,D,B
1316,A,A,A,C,B,D
1317,D,C,B,A,E,E
1318,E,E,C,B,A,A
1319,C,B,D,E,C,C
1320,D,E,E,D,E,D
1321,C,D,A,E,D,A
1322,E,B,C,A,A,C
1323,B,C,D,B,C,E
1324,A,A,B,C,B,B
1325,C,E,B,D,A,B
1326,B,A,A,B,B,C
1327,D,D,C,C,D,E
1328,E,C,E,A,E,A
1329,A,B,D,E,C,D
1330,A,D,A,C,C,E
1331,E,C,C,D,D,D
1332,B,A,E,B,E,C
1333,D,E,D,A,B,A
1334,C,B,B,E,A,B
1335,E,C,D,C,C,C
1336,D,B,B,B,E,B
1337,C,A,C,A,B,A
1338,A,E,E,E,A,D
1339,B,D,A,D,D,E
1340,A,A,D,E,B,C
1341,E,B,A,D,D,E
1342,B,E,B,A,A,A
1343,C,C,C,B,C,D
1344,D,D,E,C,E,B
1345,C,E,E,D,D,E
1346,B,B,C,B,A,D
1347,D,C,A,C,E,A
1348,E,D,D,E,B,C
1349,A,A,B,A,C,B
1350,C,E,E,B,B,C
1351,D,A,C,E,E,D
1352,A,C,B,D,C,E
1353,B,D,A,A,D,B
1354,E,B,D,C,A,A
1355,C,D,E,D,C,A
1356,B,A,D,E,B,D
1357,A,B,C,C,E,E
1358,E,C,A,A,A,C
1359,D,E,B,B,D,B
1360,C,E,C,D,B,E
1361,B,D,E,C,D,C
1362,A,A,A,B,E,B
1363,E,C,B,E,C,A
1364,D,B,D,A,A,D
1365,A,A,A,A,A,A
1366,B,B,E,E,B,C
1367,E,E,C,B,E,D
1368,C,C,B,C,C,B
1369,D,D,D,D,D,E
1370,A,A,E,B,D,D
1371,E,B,C,C,E,B
1372,C,E,D,A,A,E
1373,B,C,A,D,C,A
1374,D,D,B,E,B,C
1375,D,B,D,A,B,E
1376,A,C,C,C,A,D
1377,E,E,B,D,C,B
1378,C,A,A,B,E,C
1379,B,D,E,E,D,A
1380,D,B,D,C,E,A
1381,B,A,E,E,A,D
1382,A,E,A,B,C,B
1383,E,D,C,D,B,E
1384,C,C,B,A,D,C
1385,E,D,C,B,B,B
1386,D,C,E,D,C,D
1387,A,E,D,A,E,E
1388,C,B,A,C,A,C
1389,B,A,B,E,D,A
1390,E,B,C,B,D,E
1391,C,E,E,A,B,A
1392,A,D,B,D,A,D
1393,B,C,A,E,C,C
1394,D,A,D,C,E,B
1395,A,E,B,A,A,D
1396,B,B,C,C,C,C
1397,D,A,E,E,B,E
1398,E,D,A,B,E,B
1399,C,C,D,D,D,A
1400,B,E,B,A,B,D
1401,D,A,C,B,A,C
1402,E,C,D,E,E,A
1403,C,B,A,D,C,E
1404,A,D,E,C,D,B
1405,B,E,C,D,D,B
1406,A,C,D,A,C,A
1407,D,B,A,E,B,E
1408,E,A,E,B,A,D
1409,C,D,B,C,E,C
1410,C,D,A,D,B,A
1411,E,B,E,C,D,B
1412,B,C,C,B,A,E
1413,A,A,B,A,C,D
1414,D,E,D,E,E,C
1415,D,C,A,A,E,C
1416,B,E,B,D,B,D
1417,E,D,D,E,C,E
1418,A,A,C,B,D,B
1419,C,B,E,C,A,A
1420,B,C,E,A,A,B
1421,A,A,D,E,C,C
1422,E,B,C,B,B,E
1423,C,E,B,D,E,D
1424,D,D,A,C,D,A
1425,A,C,E,E,B,D
1426,C,D,B,C,D,A
1427,E,B,C,B,C,C
1428,B,E,A,D,A,B
1429,D,A,D,A,E,E
1430,E,A,B,C,A,D
1431,C,B,D,D,C,E
1432,A,E,C,E,D,C
1433,B,C,E,B,B,B
1434,D,D,A,A,E,A
1435,A,E,E,D,B,D
1436,C,B,D,A,A,C
1437,E,A,C,B,E,A
1438,D,C,A,E,C,E
1439,B,D,B,C,D,B
1440,C,D,A,D,B,A
1441,D,C,D,E,C,E
1442,E,E,E,A,E,B
1443,B,A,C,B,D,C
1444,A,B,B,C,A,D
1445,B,D,E,A,E,C
1446,A,A,C,D,D,D
1447,D,C,D,B,A,B
1448,E,E,B,E,C,E
1449,C,B,A,C,B,A
1450,A,C,A,D,A,C
1451,B,A,E,E,E,E
1452,D,B,B,B,D,A
1453,C,E,D,A,C,B
1454,E,D,C,C,B,D
1455,D,B,D,B,E,C
1456,A,A,E,A,D,E
1457,C,D,A,E,C,D
1458,E,E,B,C,A,B
1459,B,C,C,D,B,A
1460,B,A,C,C,E,A
1461,E,D,E,D,D,D
1462,A,C,A,A,B,B
1463,D,B,D,B,A,E
1464,C,E,B,E,C,C
1465,A,D,B,E,D,E
1466,E,A,A,B,C,D
1467,C,B,C,D,E,B
1468,B,C,D,C,B,A
1469,D,E,E,A,A,C
1470,E,B,D,C,D,E
1471,C,C,E,B,A,C
1472,D,A,C,E,E,D
1473,B,E,B,D,C,A
1474,A,D,A,A,B,B
1475,C,C,A,E,E,B
1476,E,A,C,B,A,C
1477,B,D,B,C,B,E
1478,D,B,E,D,C,A
1479,A,E,D,A,D,D
1480,E,A,A,E,B,A
1481,A,E,C,D,E,C
1482,C,C,D,B,D,D
1483,B,B,B,A,A,E
1484,D,D,E,C,C,B
1485,E,A,D,D,C,D
1486,D,C,B,E,A,B
1487,A,B,A,A,D,C
1488,B,D,C,C,E,A
1489,C,E,E,B,B,E
1490,A,B,C,C,A,C
1491,D,D,A,B,D,A
1492,B,E,B,D,B,D
1493,C,C,E,A,E,B
1494,E,A,D,E,C,E
1495,A,D,B,E,E,A
1496,C,E,E,D,C,B
1497,B,C,A,C,A,D
1498,D,B,C,B,B,C
1499,E,A,D,A,D,E
1500,A,E,E,D,C,A
1501,B,B,B,A,A,C
1502,D,D,C,E,E,D
1503,C,C,A,B,D,E
1504,E,A,D,C,B,B
1505,B,D,A,D,B,B
1506,A,E,B,B,E,E
1507,D,C,E,C,D,A
1508,E,A,D,E,C,C
1509,C,B,C,A,A,D
1510,A,C,A,C,B,B
1511,E,D,C,D,A,D
1512,B,A,B,A,D,C
1513,D,B,E,E,E,E
1514,C,E,D,B,C,A
1515,A,A,B,C,E,A
1516,E,C,A,D,D,E
1517,C,B,E,A,A,B
1518,D,D,D,B,B,C
1519,B,E,C,E,C,D
1520,A,C,D,D,B,E
1521,E,D,C,C,A,B
1522,D,A,E,A,E,A
1523,C,E,A,E,D,C
1524,B,B,B,B,C,D
1525,E,E,C,D,B,C
1526,B,D,E,C,A,D
1527,C,B,D,B,D,B
1528,D,C,B,A,C,A
1529,A,A,A,E,E,E
1530,C,C,D,D,D,C
1531,E,A,C,E,A,D
1532,B,E,A,B,E,B
1533,D,B,B,C,C,A
1534,A,D,E,A,B,E
1535,C,D,E,C,C,B
1536,D,E,C,B,B,D
1537,A,B,D,D,D,C
1538,B,A,A,E,A,A
1539,E,C,B,A,E,E
1540,E,E,B,E,B,E
1541,A,B,E,D,D,A
1542,C,A,D,B,E,B
1543,B,D,C,C,C,D
1544,D,C,A,A,A,C
1545,D,D,E,C,B,C
1546,E,B,D,D,A,B
1547,C,E,C,E,D,D
1548,B,C,B,A,C,A
1549,A,A,A,B,E,E
1550,C,A,D,A,D,E
1551,D,D,A,B,B,D
1552,A,C,C,C,E,A
1553,E,E,B,E,C,C
1554,B,B,E,D,A,B
1555,C,D,E,C,A,E
1556,D,C,A,B,E,B
1557,E,B,C,A,B,C
1558,A,A,B,D,D,D
1559,B,E,D,E,C,A
1560,A,A,E,A,D,E
1561,B,E,A,E,A,D
1562,E,D,B,D,E,B
1563,C,C,C,C,B,C
1564,D,B,D,B,C,A
1565,A,C,C,A,A,B
1566,E,A,B,B,D,D
1567,D,E,D,C,C,A
1568,C,B,E,D,B,E
1569,B,D,A,E,E,C
1570,E,B,A,D,A,E
1571,D,E,C,C,E,B
1572,B,A,E,E,C,A
1573,A,D,B,A,D,C
1574,C,C,D,B,B,D
1575,A,D,D,D,C,A
1576,E,E,A,A,E,E
1577,C,A,E,B,A,B
1578,B,B,C,E,D,C
1579,D,C,B,C,B,D
1580,B,E,E,D,C,A
1581,D,C,B,E,E,E
1582,C,A,D,C,B,B
1583,A,B,C,A,A,C
1584,E,D,A,B,D,D
1585,A,B,A,C,B,D
1586,C,D,B,D,C,E
1587,E,E,E,A,A,C
1588,B,C,D,B,E,A
1589,D,A,C,E,D,B
1590,E,E,D,A,D,E
1591,B,C,E,E,A,C
1592,D,A,B,C,E,A
1593,A,D,A,D,C,D
1594,C,B,C,B,B,B
1595,A,A,A,B,B,E
1596,C,C,D,A,E,D
1597,E,E,C,E,D,B
1598,B,D,B,D,C,A
1599,D,B,E,C,A,C
1600,E,A,A,D,A,B
1601,A,D,B,C,B,D
1602,C,C,D,B,E,A
1603,B,E,E,A,C,C
1604,D,B,C,E,D,E
1605,C,B,D,D,C,E
1606,A,C,B,B,A,D
1607,D,D,A,E,B,C
1608,B,E,E,C,E,B
1609,E,A,C,A,D,A
1610,B,C,B,B,D,A
1611,E,A,D,D,E,D
1612,C,B,A,E,C,C
1613,A,D,C,C,B,E
1614,D,E,E,A,A,B
1615,B,C,A,D,E,D
1616,D,B,B,E,C,A
1617,C,D,E,A,D,E
1618,E,A,C,C,B,C
1619,A,E,D,B,A,B
1620,D,D,B,A,E,A
1621,B,A,C,D,B,E
1622,A,B,E,B,D,C
1623,E,E,D,C,A,D
1624,C,C,A,E,C,B
1625,D,A,D,B,A,E
1626,E,E,C,D,B,C
1627,B,B,B,A,E,A
1628,A,D,A,E,D,B
1629,C,C,E,C,C,D
1630,A,E,E,E,D,E
1631,D,D,D,B,C,C
1632,E,C,B,C,E,A
1633,B,B,C,D,B,D
1634,C,A,A,A,A,B
1635,E,A,E,E,A,D
1636,C,C,D,C,D,B
1637,D,E,C,B,B,E
1638,B,B,B,D,C,A
1639,A,D,A,A,E,C
1640,D,A,E,B,D,A
1641,C,E,D,E,C,C
1642,A,D,C,D,A,D
1643,B,B,A,A,B,E
1644,E,C,B,C,E,B
1645,A,D,A,D,C,D
1646,E,B,B,B,A,E
1647,D,C,D,A,D,C
1648,B,A,C,E,E,B
1649,C,E,E,C,B,A
1650,C,E,D,E,C,C
1651,A,D,C,A,E,E
1652,B,A,A,D,B,D
1653,E,B,B,B,A,B
1654,D,C,E,C,D,A
1655,B,A,B,E,D,C
1656,E,D,E,D,C,E
1657,C,B,C,B,E,A
1658,D,E,A,A,A,B
1659,A,C,D,C,B,D
1660,B,A,C,B,C,C
1661,D,E,E,D,E,A
1662,A,D,B,C,B,D
1663,C,B,D,A,D,B
1664,E,C,A,E,A,E
1665,B,C,D,B,D,A
1666,E,A,C,D,E,E
1667,A,E,A,C,B,B
1668,D,D,E,E,A,D
1669,C,B,B,A,C,C
1670,C,E,D,A,B,B
1671,E,C,C,B,D,C
1672,A,D,E,C,C,E
1673,D,A,A,E,A,A
1674,B,B,B,D,E,D
1675,B,B,E,C,E,A
1676,A,D,A,A,A,D
1677,D,E,D,E,C,E
1678,C,A,C,D,D,B
1679,E,C,B,B,B,C
1680,D,E,A,B,C,B
1681,B,D,D,E,D,C
1682,C,B,B,A,E,D
1683,E,C,E,D,B,E
1684,A,A,C,C,A,A
1685,E,E,C,E,E,A
1686,D,B,B,C,B,D
1687,C,C,E,D,D,C
1688,A,D,A,A,A,E
1689,B,A,D,B,C,B
1690,C,D,D,E,A,B
1691,A,A,E,A,C,C
1692,B,C,C,D,B,D
1693,E,E,B,B,D,E
1694,D,B,A,C,E,A
1695,D,E,C,D,C,E
1696,B,A,D,A,A,A
1697,A,B,E,E,B,B
1698,C,D,A,C,E,D
1699,E,C,B,B,D,C
1700,B,C,E,D,D,E
1701,D,E,C,E,C,B
1702,C,D,D,A,A,C
1703,E,B,B,B,E,D
1704,A,A,A,C,B,A
1705,D,A,C,B,B,B
1706,A,E,D,E,D,D
1707,B,C,A,A,E,C
1708,E,B,E,C,A,E
1709,C,D,B,D,C,A
1710,C,A,D,D,B,A
1711,A,D,A,A,D,C
1712,D,E,B,C,C,B
1713,E,B,E,B,E,D
1714,B,C,C,E,A,E
1715,B,D,E,B,D,B
1716,A,B,D,C,C,E
1717,D,A,A,A,A,A
1718,C,E,C,E,B,D
1719,E,C,B,D,E,C
1720,C,E,D,D,B,A
1721,D,D,E,B,C,C
1722,B,C,B,A,D,E
1723,E,B,C,C,E,B
1724,A,A,A,E,A,D
1725,A,A,E,B,E,D
1726,D,B,A,A,C,A
1727,C,C,C,E,A,E
1728,E,E,D,C,B,B
1729,B,D,B,D,D,C
1730,C,B,E,A,A,A
1731,E,C,C,E,E,E
1732,B,D,B,C,C,B
1733,D,E,A,D,B,C
1734,A,A,D,B,D,D
1735,B,E,E,D,A,C
1736,C,C,C,E,D,B
1737,A,A,D,C,E,D
1738,D,B,B,A,B,A
1739,E,D,A,B,C,E
1740,C,D,A,C,A,A
1741,D,C,B,E,B,C
1742,A,B,E,B,C,E
1743,E,E,C,D,E,B
1744,B,A,D,A,D,D
1745,E,A,C,B,C,A
1746,B,C,B,A,A,B
1747,A,B,E,E,E,C
1748,C,D,A,D,B,E
1749,D,E,D,C,D,D
1750,C,A,D,A,E,A
1751,E,D,E,C,D,E
1752,D,E,A,E,C,D
1753,A,C,B,B,B,B
1754,B,B,C,D,A,C
1755,D,E,C,E,B,E
1756,A,A,B,D,A,A
1757,E,B,E,B,C,C
1758,C,C,D,A,E,B
1759,B,D,A,C,D,D
1760,C,C,A,D,D,C
1761,D,D,E,E,B,A
1762,A,E,B,B,A,D
1763,B,A,C,A,C,E
1764,E,B,D,C,E,B
1765,A,B,A,E,D,B
1766,E,D,B,C,A,D
1767,C,A,C,A,B,A
1768,B,E,E,B,C,C
1769,D,C,D,D,E,E
1770,C,A,C,E,A,C
1771,E,C,B,D,D,E
1772,A,E,E,B,C,A
1773,B,B,A,C,B,B
1774,D,D,D,A,E,D
1775,E,A,C,C,D,C
1776,C,D,E,B,E,B
1777,A,C,B,D,A,E
1778,D,B,A,A,C,A
1779,B,E,D,E,B,D
1780,C,D,E,E,C,A
1781,A,E,C,A,A,B
1782,B,C,D,D,D,E
1783,D,A,B,C,E,C
1784,E,B,A,B,B,D
1785,B,C,C,D,B,A
1786,E,A,A,C,E,B
1787,C,E,E,B,C,C
1788,D,D,B,E,A,D
1789,A,B,D,A,D,E
1790,D,B,E,C,C,B
1791,B,D,C,A,D,D
1792,A,C,B,E,A,C
1793,E,E,D,D,E,A
1794,C,A,A,B,B,E
1795,A,D,C,E,C,D
1796,C,B,A,B,D,C
1797,B,E,E,D,B,A
1798,E,C,B,A,A,B
1799,D,A,D,C,E,E
1800,A,D,C,B,E,C
1801,C,B,B,A,D,D
1802,E,A,E,C,B,B
1803,B,E,A,E,C,A
1804,D,C,D,D,A,E
1805,C,B,B,C,D,B
1806,B,D,C,E,E,C
1807,E,A,A,A,A,E
1808,A,C,D,B,B,D
1809,D,E,E,D,C,A
1810,E,B,E,E,B,B
1811,B,A,C,A,A,D
1812,C,D,B,D,D,C
1813,A,C,A,B,E,E
1814,D,E,D,C,C,A
1815,D,E,B,B,C,E
1816,B,C,E,A,B,C
1817,E,D,D,D,E,D
1818,A,B,A,C,A,B
1819,C,A,C,E,D,A
1820,B,C,A,E,B,E
1821,C,D,B,D,E,A
1822,A,E,C,C,C,B
1823,E,A,E,B,D,C
1824,D,B,D,A,A,D
1825,B,C,B,B,C,D
1826,A,E,C,A,D,E
1827,D,B,E,E,A,B
1828,E,A,A,C,E,A
1829,C,D,D,D,B,C
1830,A,D,D,C,D,B
1831,D,C,C,D,E,E
1832,C,E,E,B,C,A
1833,B,A,A,E,B,C
1834,E,B,B,A,A,D
1835,E,B,C,A,A,B
1836,A,C,A,B,C,A
1837,D,D,D,D,D,E
1838,B,A,B,E,B,C
1839,C,E,E,C,E,D
1840,C,D,C,C,C,A
1841,D,A,D,D,B,C
1842,E,B,E,A,A,D
1843,B,E,B,B,D,B
1844,A,C,A,E,E,E
1845,D,D,E,A,E,B
1846,E,B,A,B,C,E
1847,B,E,C,C,A,C
1848,C,A,D,D,B,D
1849,A,C,B,E,D,A
1850,B,A,C,E,C,A
1851,E,C,D,A,A,C
1852,C,E,A,D,D,B
1853,A,B,E,C,E,D
1854,D,D,B,B,B,E
1855,D,C,B,D,D,C
1856,B,D,A,E,E,B
1857,A,B,C,C,C,D
1858,E,A,E,A,A,E
1859,C,E,D,B,B,A
1860,D,B,C,C,B,B
1861,C,A,D,E,A,A
1862,E,C,A,B,D,E
1863,B,D,E,A,E,C
1864,A,E,B,D,C,D
1865,A,C,A,C,C,C
1866,E,A,E,B,B,A
1867,C,E,D,E,E,E
1868,D,D,B,D,D,D
1869,B,B,C,A,A,B
1870,A,B,D,A,C,A
1871,E,D,E,C,E,E
1872,C,C,C,D,B,B
1873,B,A,B,B,D,C
1874,D,E,A,E,A,D
1875,E,A,B,B,E,D
1876,D,D,C,D,B,C
1877,C,C,A,A,C,B
1878,B,E,E,E,D,A
1879,A,B,D,C,A,E
1880,E,D,E,A,B,C
1881,B,A,B,B,D,D
1882,A,E,C,E,C,E
1883,C,C,A,C,A,B
1884,D,B,D,D,E,A
1885,C,D,D,D,C,B
1886,B,C,E,C,A,A
1887,E,B,C,E,B,D
1888,D,A,A,B,D,E
1889,A,E,B,A,E,C
1890,A,D,D,B,A,C
1891,D,E,C,D,B,B
1892,C,C,A,C,E,E
1893,E,A,B,E,D,A
1894,B,B,E,A,C,D
1895,D,B,E,D,A,B
1896,E,D,D,E,D,D
1897,A,A,C,B,C,E
1898,B,E,A,C,B,A
1899,C,C,B,A,E,C
1900,C,E,D,C,A,D
1901,B,D,A,E,E,E
1902,E,C,C,D,D,B
1903,D,A,B,A,B,A
1904,A,B,E,B,C,C
1905,B,B,A,A,B,A
1906,A,A,B,B,E,E
1907,E,C,D,C,A,D
1908,C,E,E,E,D,B
1909,D,D,C,D,C,C
1910,C,C,B,C,D,A
1911,E,E,C,A,B,D
1912,A,B,D,E,E,E
1913,D,A,E,B,C,C
1914,B,D,A,D,A,B
1915,B,B,D,E,B,B
1916,D,E,A,B,D,C
1917,A,D,E,C,C,D
1918,C,C,B,D,A,A
1919,E,A,C,A,E,E
1920,B,A,B,C,E,E
1921,C,E,A,A,C,C
1922,E,D,C,B,B,D
1923,D,B,D,E,A,B
1924,A,C,E,D,D,A
1925,D,E,E,E,E,D
1926,B,C,A,D,C,B
1927,A,A,D,A,D,E
1928,C,D,B,B,A,A
1929,E,B,C,C,B,C
1930,D,D,B,C,A,D
1931,C,E,D,D,C,E
1932,E,C,C,E,D,A
1933,A,B,A,A,E,B
1934,B,A,E,B,B,C
1935,D,B,C,D,A,E
1936,E,C,B,A,E,A
1937,B,A,A,B,D,B
1938,A,D,D,E,B,D
1939,C,E,E,C,C,C
1940,E,A,C,E,A,D
1941,D,D,A,B,E,E
1942,A,B,B,D,D,A
1943,C,E,E,C,B,C
1944,B,C,D,A,C,B
1945,D,E,C,D,D,A
1946,B,A,E,C,C,C
1947,E,D,D,A,A,E
1948,C,B,A,E,B,B
1949,A,C,B,B,E,D
1950,E,A,E,B,D,A
1951,C,E,D,D,A,C
1952,B,D,C,C,E,E
1953,D,C,A,E,C,B
1954,A,B,B,A,B,D
1955,B,A,A,B,C,B
1956,E,B,D,A,E,C
1957,D,E,C,C,D,A
1958,A,C,B,D,A,D
1959,C,D,E,E,B,E
1960,C,E,E,E,C,D
1961,D,C,C,C,A,E
1962,B,B,A,B,B,B
1963,A,D,D,A,E,A
1964,E,A,B,D,D,C
1965,B,B,C,D,A,E
1966,A,D,B,E,E,B
1967,C,C,A,B,B,A
1968,D,E,D,C,D,D
1969,E,A,E,A,C,C
1970,D,A,C,E,D,B
1971,A,D,D,D,E,E
1972,B,C,B,C,A,D
1973,C,B,A,B,B,C
1974,E,E,E,A,C,A
1975,C,C,B,A,C,C
1976,A,D,A,E,B,D
1977,E,B,C,D,D,E
1978,D,E,E,B,A,A
1979,B,A,D,C,E,B
1980,E,D,A,E,D,B
1981,D,E,E,D,C,D
1982,A,A,C,C,B,A
1983,B,C,D,A,A,E
1984,C,B,B,B,E,C
1985,C,C,C,B,C,D
1986,E,A,D,A,D,C
1987,A,D,B,C,E,A
1988,B,B,A,D,B,B
1989,D,E,E,E,A,E
1990,C,B,A,B,A,A
1991,A,A,C,A,D,C
1992,D,C,D,C,C,D
1993,E,D,E,E,E,B
1994,B,E,B,D,B,E
1995,C,B,B,B,C,C
1996,A,D,D,E,B,B
1997,D,E,E,A,E,E
1998,B,C,A,D,D,D
1999,E,A,C,C,A,A
