no,Animals_146_h.jpg,Animals_202_h.jpg,Landscapes_001_h.jpg,Landscapes_003_v.jpg,Landscapes_013_v.jpg
0,D,C,C,D,C
1,A,E,B,E,D
2,E,B,A,A,B
3,B,A,E,B,A
4,C,D,D,C,E
5,D,C,A,C,B
6,A,D,C,E,A
7,C,E,D,B,C
8,E,A,E,D,E
9,B,B,B,A,D
10,E,E,C,D,C
11,B,A,E,A,B
12,C,D,B,B,E
13,A,B,A,E,A
14,D,C,D,C,D
15,B,C,A,E,B
16,D,B,C,A,C
17,A,D,D,B,E
18,E,A,B,D,D
19,C,E,E,C,A
20,E,C,A,E,C
21,A,D,D,B,D
22,C,E,C,C,B
23,B,A,E,D,A
24,D,B,B,A,E
25,B,B,D,C,B
26,C,D,C,D,D
27,E,E,B,E,C
28,A,C,A,B,A
29,D,A,E,A,E
30,A,E,D,C,E
31,C,D,C,D,D
32,B,C,A,B,B
33,D,B,B,E,A
34,E,A,E,A,C
35,C,C,A,C,A
36,A,D,D,E,E
37,D,B,B,B,B
38,E,E,C,A,C
39,B,A,E,D,D
40,D,C,C,B,A
41,C,D,D,A,E
42,E,E,B,C,C
43,A,B,A,D,D
44,B,A,E,E,B
45,C,B,A,C,D
46,B,D,E,B,A
47,E,A,D,A,B
48,A,E,C,D,C
49,D,C,B,E,E
50,C,C,D,C,D
51,B,D,B,E,C
52,E,B,E,D,B
53,D,E,C,B,E
54,A,A,A,A,A
55,E,E,D,B,E
56,C,C,E,D,C
57,D,B,B,A,D
58,B,D,C,E,A
59,A,A,A,C,B
60,E,C,C,E,C
61,D,E,D,D,A
62,C,D,E,A,B
63,B,A,A,B,D
64,A,B,B,C,E
65,E,A,A,E,E
66,A,C,D,B,A
67,D,E,C,C,B
68,C,D,B,D,C
69,B,B,E,A,D
70,B,B,A,A,D
71,D,D,D,D,C
72,A,A,E,E,B
73,C,C,C,B,E
74,E,E,B,C,A
75,A,D,B,A,A
76,E,C,D,C,B
77,D,A,C,E,E
78,B,B,A,D,C
79,C,E,E,B,D
80,D,E,C,B,C
81,E,A,B,C,D
82,A,C,D,E,E
83,B,B,A,A,B
84,C,D,E,D,A
85,A,D,C,C,E
86,B,A,E,A,A
87,D,C,D,E,C
88,E,E,A,D,B
89,C,B,B,B,D
90,B,C,C,D,E
91,A,E,B,E,B
92,D,B,D,B,D
93,C,A,A,A,A
94,E,D,E,C,C
95,B,C,A,A,E
96,D,E,D,E,B
97,E,D,C,C,A
98,A,A,E,D,D
99,C,B,B,B,C
100,C,A,C,D,D
101,E,B,D,C,A
102,B,E,B,A,C
103,D,D,E,E,E
104,A,C,A,B,B
105,B,E,B,C,D
106,D,A,C,D,A
107,C,C,D,B,B
108,E,B,A,A,E
109,A,D,E,E,C
110,B,A,A,E,E
111,D,C,E,D,B
112,C,B,D,A,A
113,A,D,C,B,D
114,E,E,B,C,C
115,D,B,D,C,E
116,C,C,E,D,B
117,A,A,A,E,A
118,B,D,B,B,C
119,E,E,C,A,D
120,A,B,A,C,C
121,E,D,D,A,D
122,C,A,B,B,E
123,D,C,C,E,B
124,B,E,E,D,A
125,E,E,A,C,C
126,B,B,D,E,A
127,C,A,C,B,E
128,D,D,B,D,B
129,A,C,E,A,D
130,A,A,E,C,B
131,C,B,B,E,A
132,D,D,C,B,E
133,B,C,D,D,C
134,E,E,A,A,D
135,E,B,E,E,D
136,B,D,A,D,E
137,C,E,C,B,B
138,D,A,B,A,A
139,A,C,D,C,C
140,A,C,C,E,C
141,D,D,A,D,A
142,E,A,D,A,B
143,C,B,B,B,D
144,B,E,E,C,E
145,D,A,C,E,B
146,A,D,B,B,E
147,B,E,E,C,D
148,E,B,D,D,A
149,C,C,A,A,C
150,B,D,D,B,C
151,E,E,E,A,E
152,A,B,C,E,A
153,D,A,B,C,D
154,C,C,A,D,B
155,D,A,E,A,B
156,A,C,A,E,E
157,B,B,D,D,C
158,E,E,B,B,D
159,C,D,C,C,A
160,B,C,B,E,D
161,A,D,A,C,C
162,D,A,C,A,E
163,C,B,E,D,A
164,E,E,D,B,B
165,C,C,D,A,D
166,B,A,A,C,C
167,A,E,B,E,B
168,D,D,E,D,A
169,E,B,C,B,E
170,C,D,B,E,C
171,A,C,C,A,D
172,E,E,D,C,B
173,D,B,A,D,A
174,B,A,E,B,E
175,A,D,A,E,B
176,E,A,E,A,E
177,C,E,D,B,A
178,D,C,C,C,C
179,B,B,B,D,D
180,A,D,B,A,A
181,B,A,E,B,E
182,C,C,A,C,B
183,D,E,C,D,D
184,E,B,D,E,C
185,B,A,D,D,B
186,A,B,E,C,A
187,E,C,B,B,C
188,D,E,A,A,E
189,C,D,C,E,D
190,C,D,C,A,C
191,B,B,D,B,E
192,D,E,E,E,A
193,E,A,B,C,D
194,A,C,A,D,B
195,D,E,A,C,C
196,A,B,E,B,E
197,C,C,B,D,A
198,E,A,C,A,B
199,B,D,D,E,D
200,A,C,A,D,A
201,C,B,E,C,E
202,B,D,C,B,C
203,D,E,D,E,B
204,E,A,B,A,D
205,B,B,E,C,D
206,E,C,A,A,B
207,D,E,C,D,A
208,C,D,D,E,E
209,A,A,B,B,C
210,A,B,C,A,E
211,D,A,A,C,D
212,C,D,B,E,A
213,E,E,E,D,B
214,B,C,D,B,C
215,E,C,C,E,B
216,C,B,D,C,C
217,B,A,E,A,E
218,A,E,A,D,D
219,D,D,B,B,A
220,C,D,B,A,B
221,D,C,D,B,D
222,B,B,A,D,E
223,E,A,E,E,A
224,A,E,C,C,C
225,E,B,B,C,A
226,B,C,D,A,C
227,C,D,C,D,D
228,D,E,A,E,E
229,A,A,E,B,B
230,E,A,C,B,B
231,A,E,B,D,A
232,D,B,D,C,D
233,B,C,E,E,C
234,C,D,A,A,E
235,A,A,B,B,E
236,B,C,A,E,D
237,D,B,C,A,A
238,E,D,D,C,B
239,C,E,E,D,C
240,D,E,C,B,A
241,C,B,D,D,C
242,A,C,B,A,D
243,B,A,E,C,E
244,E,D,A,E,B
245,C,D,E,B,E
246,E,A,A,E,A
247,B,B,B,D,D
248,A,C,D,A,C
249,D,E,C,C,B
250,E,C,A,D,E
251,D,B,B,A,A
252,A,E,D,B,C
253,B,D,C,E,B
254,C,A,E,C,D
255,A,B,B,A,E
256,D,D,E,C,D
257,E,A,D,E,A
258,B,E,A,D,B
259,C,C,C,B,C
260,E,C,C,C,D
261,D,E,B,B,C
262,C,D,D,D,A
263,A,A,E,E,E
264,B,B,A,A,B
265,D,B,C,D,D
266,C,A,E,E,E
267,A,D,D,C,C
268,B,E,A,A,B
269,E,C,B,B,A
270,E,D,B,B,D
271,A,C,E,E,B
272,C,A,C,D,E
273,B,B,D,C,A
274,D,E,A,A,C
275,D,A,C,E,A
276,B,D,A,B,B
277,A,E,D,C,C
278,C,B,E,D,E
279,E,C,B,A,D
280,D,B,C,A,E
281,C,D,A,C,C
282,E,A,D,D,D
283,B,E,E,E,A
284,A,C,B,B,B
285,D,C,B,B,E
286,B,E,C,D,C
287,A,B,A,C,D
288,C,A,D,A,A
289,E,D,E,E,B
290,D,B,E,D,D
291,E,E,C,E,E
292,A,D,D,B,C
293,C,A,A,C,A
294,B,C,B,A,B
295,B,E,E,A,C
296,E,D,D,C,E
297,D,C,B,E,D
298,C,B,A,D,A
299,A,A,C,B,B
300,C,E,B,B,A
301,A,D,E,E,C
302,D,B,A,C,B
303,E,C,D,D,E
304,B,A,C,A,D
305,C,C,B,E,B
306,E,D,A,B,D
307,D,A,E,A,E
308,A,B,D,C,A
309,B,E,C,D,C
310,B,B,A,E,E
311,E,A,C,A,C
312,A,E,E,C,A
313,D,D,B,B,B
314,C,C,D,D,D
315,B,A,B,E,C
316,E,C,C,B,A
317,D,B,E,D,B
318,A,E,D,A,D
319,C,D,A,C,E
320,B,E,E,B,E
321,A,A,D,C,A
322,E,C,C,E,C
323,D,D,B,D,D
324,C,B,A,A,B
325,D,D,E,D,B
326,E,E,D,E,D
327,A,C,A,A,C
328,C,B,B,B,A
329,B,A,C,C,E
330,B,A,E,C,B
331,A,E,D,B,D
332,D,D,A,D,A
333,E,B,C,A,C
334,C,C,B,E,E
335,E,E,B,B,C
336,B,D,A,A,A
337,D,B,D,E,D
338,C,A,E,C,E
339,A,C,C,D,B
340,D,B,C,E,B
341,E,E,A,B,D
342,C,D,E,D,E
343,A,C,B,C,C
344,B,A,D,A,A
345,D,C,D,B,D
346,C,E,A,D,B
347,A,B,C,C,E
348,B,D,E,E,A
349,E,A,B,A,C
350,A,B,E,B,A
351,E,E,D,A,C
352,D,D,A,E,D
353,B,A,C,D,B
354,C,C,B,C,E
355,D,E,D,A,A
356,E,C,C,C,E
357,B,B,B,E,B
358,C,A,E,B,D
359,A,D,A,D,C
360,C,A,C,C,E
361,A,D,E,B,B
362,E,E,B,D,C
363,D,C,D,E,D
364,B,B,A,A,A
365,B,E,D,E,E
366,C,A,A,A,C
367,D,D,C,B,D
368,E,B,B,D,B
369,A,C,E,C,A
370,C,E,D,D,A
371,B,C,A,A,E
372,D,B,C,B,C
373,A,A,E,C,D
374,E,D,B,E,B
375,A,E,A,C,B
376,C,D,B,D,C
377,E,C,E,B,D
378,D,B,D,E,E
379,B,A,C,A,A
380,E,D,B,B,E
381,C,C,A,E,B
382,D,B,C,C,C
383,A,A,D,D,D
384,B,E,E,A,A
385,E,B,E,C,A
386,B,E,D,A,C
387,A,D,B,B,D
388,C,C,C,E,E
389,D,A,A,D,B
390,B,C,B,C,A
391,A,D,E,B,C
392,C,B,C,A,B
393,E,E,A,E,E
394,D,A,D,D,D
395,B,B,E,A,B
396,C,E,A,B,C
397,E,C,B,E,E
398,A,A,D,C,D
399,D,D,C,D,A
400,A,C,A,B,A
401,E,D,E,C,C
402,C,B,B,A,D
403,B,A,C,E,B
404,D,E,D,D,E
405,C,C,C,E,D
406,B,B,A,A,A
407,D,E,E,C,E
408,A,A,D,B,B
409,E,D,B,D,C
410,E,E,E,E,B
411,D,B,B,D,E
412,B,A,C,C,A
413,C,D,A,B,D
414,A,C,D,A,C
415,E,E,A,B,D
416,B,D,E,D,A
417,C,B,C,C,C
418,D,C,B,E,E
419,A,A,D,A,B
420,E,D,C,B,B
421,B,B,B,D,A
422,D,E,D,C,C
423,A,A,E,A,E
424,C,C,A,E,D
425,C,E,C,A,A
426,D,D,A,D,C
427,A,A,B,B,E
428,B,B,D,E,D
429,E,C,E,C,B
430,B,B,D,A,B
431,A,D,A,B,C
432,D,A,C,D,E
433,C,C,E,C,A
434,E,E,B,E,D
435,A,D,C,E,C
436,B,A,B,B,A
437,E,B,A,C,B
438,D,C,E,D,E
439,C,E,D,A,D
440,D,A,C,B,B
441,C,B,A,C,C
442,B,E,B,A,A
443,E,D,E,E,D
444,A,C,D,D,E
445,A,E,C,D,C
446,D,A,D,C,E
447,C,C,A,B,B
448,E,B,B,A,A
449,B,D,E,E,D
450,D,A,A,B,B
451,B,D,E,A,C
452,E,C,D,C,D
453,A,B,B,D,A
454,C,E,C,E,E
455,C,D,A,C,D
456,D,C,E,A,A
457,B,A,B,D,B
458,E,E,C,B,E
459,A,B,D,E,C
460,B,C,B,B,D
461,E,A,A,A,C
462,A,E,E,E,E
463,D,B,D,D,B
464,C,D,C,C,A
465,D,D,A,A,B
466,A,B,D,E,E
467,B,E,B,C,C
468,C,C,C,D,A
469,E,A,E,B,D
470,A,C,E,E,E
471,E,E,D,C,D
472,B,D,A,B,B
473,D,A,C,D,A
474,C,B,B,A,C
475,A,E,A,C,C
476,D,D,B,D,B
477,C,A,E,B,D
478,B,C,D,A,E
479,E,B,C,E,A
480,E,A,E,B,C
481,C,C,B,A,D
482,A,E,C,D,B
483,B,B,D,C,E
484,D,D,A,E,A
485,D,D,C,B,C
486,C,E,B,D,A
487,E,C,A,A,B
488,A,A,D,C,D
489,B,B,E,E,E
490,E,C,C,E,E
491,C,A,A,B,C
492,B,B,B,D,A
493,D,E,E,C,B
494,A,D,D,A,D
495,B,E,A,D,C
496,E,C,B,C,B
497,C,A,E,B,D
498,D,D,D,E,A
499,A,B,C,A,E
500,B,D,D,A,B
501,D,E,C,C,A
502,C,B,E,B,D
503,A,A,A,E,E
504,E,C,B,D,C
505,D,D,D,B,A
506,A,E,E,D,E
507,B,A,B,A,C
508,C,B,C,E,B
509,E,C,A,C,D
510,C,B,C,A,B
511,A,C,A,E,C
512,E,D,B,C,D
513,B,A,D,D,E
514,D,E,E,B,A
515,E,A,C,C,E
516,B,E,D,D,B
517,C,B,E,A,C
518,D,D,A,B,D
519,A,C,B,E,A
520,E,D,C,B,A
521,D,E,A,A,B
522,C,B,D,D,C
523,B,A,B,C,E
524,A,C,E,E,D
525,C,A,D,E,C
526,D,D,A,D,B
527,A,C,B,B,D
528,B,B,C,C,E
529,E,E,E,A,A
530,E,A,B,D,A
531,D,B,D,A,D
532,B,C,C,B,E
533,A,D,A,E,B
534,C,E,E,C,C
535,C,D,C,A,E
536,D,A,B,E,D
537,B,C,A,C,B
538,E,E,E,B,C
539,A,B,D,D,A
540,A,E,A,A,D
541,B,C,C,D,E
542,E,B,E,E,A
543,C,D,B,B,C
544,D,A,D,C,B
545,B,D,C,B,D
546,C,E,B,E,C
547,D,A,D,C,A
548,A,B,E,A,B
549,E,C,A,D,E
550,C,A,A,C,D
551,E,C,B,A,E
552,A,B,D,E,B
553,B,D,E,B,A
554,D,E,C,D,C
555,D,D,A,A,C
556,C,B,B,C,A
557,E,E,C,D,D
558,A,C,E,E,B
559,B,A,D,B,E
560,E,C,B,E,A
561,C,A,D,A,D
562,B,D,A,D,B
563,A,E,C,B,E
564,D,B,E,C,C
565,D,E,A,C,C
566,C,A,E,B,A
567,A,D,D,E,B
568,E,C,B,A,D
569,B,B,C,D,E
570,E,E,D,C,A
571,D,B,E,B,D
572,A,C,C,A,E
573,C,D,A,D,C
574,B,A,B,E,B
575,A,E,E,D,D
576,B,D,B,A,A
577,C,B,D,B,E
578,E,A,A,E,B
579,D,C,C,C,C
580,C,C,D,B,C
581,D,E,B,C,B
582,E,B,C,E,E
583,B,D,A,A,A
584,A,A,E,D,D
585,C,C,A,C,A
586,D,E,E,D,D
587,E,B,D,B,C
588,B,D,C,E,B
589,A,A,B,A,E
590,C,C,A,C,B
591,D,A,B,D,D
592,B,D,E,B,E
593,E,E,D,E,C
594,A,B,C,A,A
595,B,D,B,B,A
596,E,C,A,C,D
597,C,A,E,D,C
598,A,B,D,A,E
599,D,E,C,E,B
600,D,C,E,A,B
601,B,A,B,D,A
602,E,D,A,E,E
603,C,B,D,B,C
604,A,E,C,C,D
605,A,D,B,A,E
606,D,B,C,C,D
607,E,E,D,D,C
608,C,A,E,B,B
609,B,C,A,E,A
610,C,C,C,E,B
611,A,B,A,D,A
612,D,A,B,A,C
613,E,E,E,C,D
614,B,D,D,B,E
615,E,B,E,E,E
616,B,C,D,B,A
617,D,A,B,A,B
618,A,E,C,D,C
619,C,D,A,C,D
620,B,C,E,A,A
621,D,B,B,B,D
622,A,D,D,C,E
623,C,E,C,D,C
624,E,A,A,E,B
625,A,E,E,B,B
626,C,D,C,C,A
627,D,A,A,E,D
628,E,B,D,A,E
629,B,C,B,D,C
630,B,B,A,A,E
631,C,E,B,C,C
632,E,D,C,E,B
633,A,A,E,D,A
634,D,C,D,B,D
635,C,A,E,B,A
636,B,E,C,E,C
637,D,C,D,C,B
638,E,B,A,D,E
639,A,D,B,A,D
640,A,B,D,E,B
641,C,A,B,D,D
642,D,D,E,B,E
643,B,E,C,A,A
644,E,C,A,C,C
645,A,C,B,B,B
646,B,D,C,A,A
647,C,A,E,C,E
648,D,E,A,D,C
649,E,B,D,E,D
650,C,A,D,D,E
651,D,B,C,A,A
652,B,C,B,B,C
653,A,D,E,C,D
654,E,E,A,E,B
655,D,A,C,E,D
656,E,D,B,A,E
657,A,C,A,D,B
658,C,B,E,C,A
659,B,E,D,B,C
660,A,B,C,C,E
661,B,D,A,A,D
662,C,A,E,E,B
663,E,C,D,D,A
664,D,E,B,B,C
665,E,B,E,E,C
666,C,C,B,D,D
667,B,D,D,B,B
668,A,A,A,C,E
669,D,E,C,A,A
670,D,C,C,A,D
671,E,E,D,C,C
672,C,A,A,B,E
673,A,B,E,E,A
674,B,D,B,D,B
675,B,E,C,C,D
676,D,A,B,A,B
677,E,D,E,D,E
678,C,B,A,B,A
679,A,C,D,E,C
680,D,D,C,E,D
681,A,C,E,A,B
682,C,B,A,D,A
683,B,A,D,C,E
684,E,E,B,B,C
685,E,C,D,D,B
686,A,A,B,A,D
687,D,D,C,C,C
688,B,B,A,B,E
689,C,E,E,E,A
690,C,B,A,E,E
691,D,A,C,D,C
692,A,E,D,C,B
693,B,D,E,A,A
694,E,C,B,B,D
695,C,E,D,B,C
696,E,A,B,C,A
697,A,B,C,E,E
698,D,D,A,A,B
699,B,C,E,D,D
700,B,D,C,A,D
701,C,C,B,C,A
702,E,B,E,B,E
703,D,E,A,D,B
704,A,A,D,E,C
705,C,B,A,E,E
706,E,A,B,C,B
707,A,D,D,A,D
708,D,C,E,B,C
709,B,E,C,D,A
710,D,D,E,D,B
711,A,A,B,A,A
712,C,B,D,E,E
713,E,E,A,B,C
714,B,C,C,C,D
715,D,D,C,D,D
716,E,C,D,E,A
717,A,A,E,C,C
718,B,B,A,B,E
719,C,E,B,A,B
720,C,A,A,C,C
721,E,B,C,D,B
722,A,E,D,A,D
723,B,C,B,E,E
724,D,D,E,B,A
725,D,C,C,B,A
726,C,A,A,D,B
727,E,B,E,A,D
728,A,D,B,E,C
729,B,E,D,C,E
730,D,C,D,E,D
731,B,D,E,A,A
732,A,E,A,D,E
733,C,B,B,C,B
734,E,A,C,B,C
735,C,B,C,B,D
736,A,C,E,A,E
737,D,A,B,D,C
738,B,E,D,C,A
739,E,D,A,E,B
740,C,B,A,D,E
741,A,C,C,E,B
742,B,A,B,B,C
743,E,D,D,C,D
744,D,E,E,A,A
745,B,E,D,B,A
746,A,D,E,C,D
747,E,A,A,D,E
748,D,C,B,A,B
749,C,B,C,E,C
750,E,A,E,D,D
751,B,C,D,A,E
752,C,B,A,E,C
753,D,E,B,B,B
754,A,D,C,C,A
755,B,C,B,B,C
756,E,A,D,C,D
757,D,B,C,D,A
758,A,E,E,E,B
759,C,D,A,A,E
760,D,D,D,A,B
761,E,C,A,B,E
762,C,B,C,D,C
763,A,E,E,C,D
764,B,A,B,E,A
765,D,E,D,D,C
766,E,B,E,A,B
767,C,D,C,C,E
768,A,A,B,B,D
769,B,C,A,E,A
770,E,D,C,E,A
771,A,A,B,C,B
772,C,E,D,B,C
773,D,B,A,A,E
774,B,C,E,D,D
775,E,D,B,A,E
776,C,A,E,E,D
777,D,E,D,C,B
778,A,C,A,D,A
779,B,B,C,B,C
780,D,C,D,E,C
781,E,A,E,A,A
782,B,E,A,C,B
783,C,D,B,B,E
784,A,B,C,D,D
785,B,A,C,C,D
786,A,D,D,E,C
787,E,E,A,A,E
788,D,B,B,D,A
789,C,C,E,B,B
790,A,E,A,D,C
791,E,D,C,C,A
792,D,A,B,A,D
793,C,B,E,B,B
794,B,C,D,E,E
795,E,C,C,C,E
796,C,E,E,E,B
797,B,B,A,D,D
798,A,D,B,A,A
799,D,A,D,B,C
800,D,D,A,D,C
801,E,E,B,E,A
802,C,B,E,C,B
803,A,A,D,B,E
804,B,C,C,A,D
805,B,B,E,D,C
806,C,A,C,B,D
807,A,E,D,C,B
808,E,D,A,E,A
809,D,C,B,A,E
810,E,C,B,C,A
811,B,D,D,A,D
812,A,E,A,E,C
813,D,B,E,B,B
814,C,A,C,D,E
815,C,A,A,C,A
816,E,B,D,B,E
817,B,C,B,A,D
818,A,D,E,D,B
819,D,E,C,E,C
820,A,A,B,B,A
821,B,D,C,D,E
822,C,C,D,A,C
823,D,E,E,E,D
824,E,B,A,C,B
825,D,D,B,B,E
826,B,A,A,E,D
827,A,C,E,C,C
828,C,E,D,D,B
829,E,B,C,A,A
830,B,B,B,D,D
831,D,C,A,C,E
832,E,A,D,B,A
833,C,D,C,E,C
834,A,E,E,A,B
835,B,A,A,D,D
836,C,D,C,E,B
837,E,B,D,C,A
838,A,C,E,B,E
839,D,E,B,A,C
840,A,D,B,B,D
841,D,B,C,A,B
842,E,C,D,C,A
843,B,A,E,E,E
844,C,E,A,D,C
845,D,C,B,A,E
846,A,A,C,E,B
847,C,B,E,C,D
848,E,D,D,B,C
849,B,E,A,D,A
850,D,E,C,D,B
851,C,A,B,A,D
852,A,C,D,E,C
853,B,D,E,B,A
854,E,B,A,C,E
855,E,A,A,A,A
856,C,D,B,E,D
857,D,C,D,B,C
858,A,B,E,D,E
859,B,E,C,C,B
860,A,D,C,B,A
861,C,E,A,C,B
862,B,C,E,D,C
863,D,A,D,E,E
864,E,B,B,A,D
865,E,C,A,B,B
866,D,D,E,E,C
867,A,A,D,A,D
868,B,B,C,C,A
869,C,E,B,D,E
870,A,B,E,E,E
871,B,E,B,C,B
872,C,D,A,A,A
873,D,A,D,B,D
874,E,C,C,D,C
875,E,C,A,D,E
876,C,D,C,A,B
877,B,E,D,B,C
878,A,B,E,C,D
879,D,A,B,E,A
880,B,C,E,E,E
881,E,D,D,C,B
882,D,E,B,B,C
883,C,B,A,A,D
884,A,A,C,D,A
885,A,C,E,B,E
886,E,E,D,C,A
887,D,D,C,D,B
888,B,A,B,A,D
889,C,B,A,E,C
890,B,D,B,D,D
891,A,B,D,B,B
892,C,C,C,E,E
893,E,E,A,A,A
894,D,A,E,C,C
895,A,E,B,B,A
896,C,B,D,A,B
897,E,D,A,C,C
898,B,A,E,D,E
899,D,C,C,E,D
900,B,B,B,B,D
901,D,D,A,D,E
902,C,E,D,E,C
903,A,C,C,A,B
904,E,A,E,C,A
905,E,E,C,D,B
906,D,D,B,C,C
907,A,B,E,A,A
908,B,A,A,E,D
909,C,C,D,B,E
910,C,D,B,A,A
911,D,A,C,E,B
912,E,B,D,B,C
913,A,C,E,D,E
914,B,E,A,C,D
915,E,C,B,B,E
916,D,E,D,E,D
917,B,D,A,C,A
918,C,B,E,D,B
919,A,A,C,A,C
920,A,C,E,A,A
921,D,D,D,E,E
922,B,B,B,C,B
923,C,E,C,B,D
924,E,A,A,D,C
925,C,E,E,E,D
926,D,A,B,B,B
927,B,D,A,A,E
928,A,B,D,C,A
929,E,C,C,D,C
930,A,B,E,B,D
931,D,C,D,E,B
932,B,E,C,A,C
933,E,D,B,C,A
934,C,A,A,D,E
935,B,B,A,A,B
936,D,A,D,E,A
937,E,C,C,D,D
938,A,E,E,C,E
939,C,D,B,B,C
940,B,C,D,B,E
941,C,E,B,E,C
942,E,A,E,D,A
943,A,B,C,A,B
944,D,D,A,C,D
945,A,A,B,D,D
946,D,C,C,B,B
947,C,B,E,E,A
948,B,E,D,C,E
949,E,D,A,A,C
950,C,E,E,C,B
951,E,A,D,A,E
952,A,B,A,D,C
953,D,D,C,E,A
954,B,C,B,B,D
955,A,C,B,B,C
956,E,D,A,A,B
957,D,A,C,E,E
958,C,B,D,D,D
959,B,E,E,C,A
960,D,C,E,E,E
961,A,B,A,B,A
962,B,A,B,D,C
963,E,E,D,A,B
964,C,D,C,C,D
965,C,D,C,D,A
966,A,E,E,C,D
967,B,C,D,E,B
968,E,A,A,B,E
969,D,B,B,A,C
970,D,E,E,E,B
971,A,A,C,D,C
972,E,D,B,C,A
973,B,C,D,B,E
974,C,B,A,A,D
975,D,D,A,D,E
976,E,A,B,C,C
977,B,B,E,B,B
978,A,C,C,E,D
979,C,E,D,A,A
980,B,C,E,A,C
981,E,D,A,C,D
982,A,E,D,E,A
983,D,B,C,B,B
984,C,A,B,D,E
985,E,E,D,A,E
986,C,C,B,B,B
987,A,B,A,C,C
988,D,A,C,D,A
989,B,D,E,E,D
990,A,E,E,C,C
991,D,D,B,D,B
992,C,B,A,E,D
993,E,C,C,A,E
994,B,A,D,B,A
995,B,E,D,A,E
996,A,A,C,C,C
997,E,C,A,B,D
998,C,B,B,E,A
999,D,D,E,D,B
1000,A,B,A,D,D
1001,D,D,C,A,C
1002,E,C,E,B,A
1003,B,A,B,C,E
1004,C,E,D,E,B
1005,D,B,E,D,D
1006,B,A,D,C,A
1007,C,C,A,A,E
1008,A,D,C,E,C
1009,E,E,B,B,B
1010,B,A,E,A,D
1011,A,C,A,D,C
1012,E,B,D,E,A
1013,C,E,B,B,E
1014,D,D,C,C,B
1015,C,D,C,A,E
1016,D,B,E,C,B
1017,A,E,B,B,C
1018,B,A,A,E,A
1019,E,C,D,D,D
1020,C,C,E,D,C
1021,E,A,B,B,A
1022,B,B,D,C,E
1023,D,E,A,A,B
1024,A,D,C,E,D
1025,E,A,D,A,B
1026,D,D,A,B,C
1027,B,C,C,C,E
1028,C,E,B,D,D
1029,A,B,E,E,A
1030,B,C,E,E,E
1031,D,D,B,D,A
1032,E,E,C,A,C
1033,A,A,D,C,B
1034,C,B,A,B,D
1035,A,E,A,D,D
1036,E,B,E,C,E
1037,B,C,D,B,B
1038,D,D,B,E,A
1039,C,A,C,A,C
1040,A,C,B,B,B
1041,D,A,D,C,C
1042,B,B,E,D,A
1043,E,E,C,A,D
1044,C,D,A,E,E
1045,B,B,C,D,C
1046,A,A,D,C,D
1047,E,C,B,B,B
1048,D,E,E,A,E
1049,C,D,A,E,A
1050,D,B,A,B,A
1051,A,C,B,E,E
1052,C,A,E,C,C
1053,B,E,D,A,D
1054,E,D,C,D,B
1055,C,E,B,A,D
1056,D,D,C,C,B
1057,E,B,D,B,E
1058,B,A,E,D,C
1059,A,C,A,E,A
1060,C,B,A,D,D
1061,D,D,D,E,A
1062,A,E,C,A,C
1063,B,C,B,B,B
1064,E,A,E,C,E
1065,B,B,D,E,E
1066,C,E,E,A,A
1067,D,D,B,B,C
1068,A,C,A,D,D
1069,E,A,C,C,B
1070,D,A,E,D,C
1071,C,E,A,C,B
1072,B,D,D,E,D
1073,E,C,C,B,A
1074,A,B,B,A,E
1075,B,B,D,A,A
1076,E,E,E,E,B
1077,C,C,C,B,D
1078,D,D,A,D,C
1079,A,A,B,C,E
1080,E,C,A,C,B
1081,C,D,B,B,C
1082,B,A,D,E,D
1083,A,E,C,A,E
1084,D,B,E,D,A
1085,C,E,A,D,C
1086,B,A,C,E,A
1087,E,D,D,B,B
1088,A,B,B,C,D
1089,D,C,E,A,E
1090,D,B,A,C,C
1091,B,E,B,E,E
1092,A,A,E,A,D
1093,C,C,D,D,A
1094,E,D,C,B,B
1095,C,D,C,A,E
1096,D,B,A,C,B
1097,E,A,B,E,C
1098,A,C,D,D,D
1099,B,E,E,B,A
1100,D,C,C,C,A
1101,C,B,B,D,B
1102,B,D,A,B,E
1103,A,E,E,E,D
1104,E,A,D,A,C
1105,C,B,C,B,A
1106,D,C,D,C,E
1107,B,E,E,A,C
1108,E,A,B,D,B
1109,A,D,A,E,D
1110,E,C,E,C,B
1111,A,B,B,A,C
1112,D,D,C,D,A
1113,B,A,A,B,E
1114,C,E,D,E,D
1115,B,C,B,E,A
1116,A,D,E,B,C
1117,D,B,A,D,D
1118,C,A,C,C,B
1119,E,E,D,A,E
1120,D,B,E,E,E
1121,E,C,B,A,D
1122,B,E,A,B,C
1123,C,D,C,D,A
1124,A,A,D,C,B
1125,E,C,C,E,D
1126,A,B,D,B,C
1127,C,E,A,C,B
1128,B,D,E,D,E
1129,D,A,B,A,A
1130,B,E,C,B,B
1131,A,A,A,E,E
1132,E,C,E,A,C
1133,D,D,B,C,A
1134,C,B,D,D,D
1135,C,D,C,D,E
1136,B,C,A,A,C
1137,A,E,E,E,A
1138,E,A,D,C,B
1139,D,B,B,B,D
1140,E,B,C,A,B
1141,A,D,A,B,D
1142,B,A,D,C,C
1143,C,C,E,E,A
1144,D,E,B,D,E
1145,D,B,A,B,D
1146,A,E,D,D,B
1147,B,A,E,E,C
1148,E,D,C,A,A
1149,C,C,B,C,E
1150,C,C,A,B,D
1151,B,E,D,E,C
1152,E,D,B,C,A
1153,D,B,E,A,E
1154,A,A,C,D,B
1155,C,A,E,D,A
1156,A,B,C,B,D
1157,E,D,B,C,B
1158,D,E,A,A,E
1159,B,C,D,E,C
1160,E,E,A,E,D
1161,D,B,E,B,C
1162,B,C,C,A,E
1163,C,A,B,D,B
1164,A,D,D,C,A
1165,E,C,B,C,C
1166,C,A,E,A,B
1167,D,E,C,B,D
1168,A,D,D,D,E
1169,B,B,A,E,A
1170,C,D,B,B,C
1171,B,C,E,C,D
1172,D,E,D,E,B
1173,A,B,C,D,E
1174,E,A,A,A,A
1175,E,D,E,A,A
1176,C,C,D,E,E
1177,D,B,B,B,D
1178,A,A,A,C,B
1179,B,E,C,D,C
1180,A,B,E,D,B
1181,E,E,D,B,D
1182,B,A,A,C,A
1183,D,C,B,E,C
1184,C,D,C,A,E
1185,B,E,D,E,A
1186,D,C,A,D,E
1187,E,A,B,C,D
1188,C,B,E,A,C
1189,A,D,C,B,B
1190,E,A,A,E,C
1191,D,B,D,C,E
1192,C,E,C,A,A
1193,A,C,E,D,D
1194,B,D,B,B,B
1195,B,D,A,D,E
1196,C,B,E,B,C
1197,A,C,B,E,B
1198,E,A,C,C,D
1199,D,E,D,A,A
1200,C,D,A,A,E
1201,A,B,B,B,A
1202,E,C,C,E,D
1203,D,A,D,C,C
1204,B,E,E,D,B
1205,E,B,C,D,C
1206,C,E,B,E,A
1207,D,C,E,B,E
1208,B,D,A,A,D
1209,A,A,D,C,B
1210,D,A,C,B,E
1211,E,C,D,E,A
1212,C,E,B,C,B
1213,A,D,E,D,C
1214,B,B,A,A,D
1215,D,D,E,E,C
1216,A,A,C,C,A
1217,C,E,B,A,E
1218,B,B,D,D,B
1219,E,C,A,B,D
1220,B,D,D,E,E
1221,D,A,B,D,D
1222,C,E,E,A,A
1223,A,C,A,C,B
1224,E,B,C,B,C
1225,D,D,A,C,A
1226,C,E,C,B,D
1227,B,B,B,A,C
1228,E,C,E,D,B
1229,A,A,D,E,E
1230,E,B,E,A,D
1231,C,A,B,D,C
1232,D,C,C,B,E
1233,B,D,A,C,A
1234,A,E,D,E,B
1235,C,A,B,E,A
1236,A,B,A,D,C
1237,E,D,C,A,E
1238,B,C,D,B,D
1239,D,E,E,C,B
1240,D,A,D,E,B
1241,C,C,E,C,C
1242,A,E,C,B,E
1243,B,B,A,D,D
1244,E,D,B,A,A
1245,A,A,E,D,E
1246,B,D,D,C,C
1247,D,B,B,A,B
1248,E,C,A,E,D
1249,C,E,C,B,A
1250,B,D,B,E,D
1251,D,E,A,A,E
1252,C,B,E,C,B
1253,E,C,C,B,A
1254,A,A,D,D,C
1255,D,E,A,D,E
1256,C,C,D,A,C
1257,B,B,E,C,B
1258,E,A,B,E,D
1259,A,D,C,B,A
1260,A,D,C,D,C
1261,B,E,D,B,E
1262,D,A,A,E,D
1263,E,B,B,A,A
1264,C,C,E,C,B
1265,E,E,B,B,E
1266,A,D,A,E,A
1267,C,A,C,D,B
1268,B,B,E,A,C
1269,D,C,D,C,D
1270,C,C,C,D,C
1271,D,B,E,E,D
1272,E,E,D,C,E
1273,A,D,A,B,A
1274,B,A,B,A,B
1275,D,E,B,A,B
1276,E,B,A,D,E
1277,A,C,E,B,A
1278,B,A,D,E,C
1279,C,D,C,C,D
1280,C,C,D,D,B
1281,B,B,E,B,E
1282,D,E,C,A,A
1283,A,D,B,C,C
1284,E,A,A,E,D
1285,E,D,E,B,B
1286,D,E,A,A,C
1287,C,B,D,E,E
1288,B,C,B,D,D
1289,A,A,C,C,A
1290,B,D,B,D,D
1291,D,C,A,E,B
1292,A,A,D,B,C
1293,C,E,C,A,A
1294,E,B,E,C,E
1295,E,C,D,B,E
1296,D,B,E,A,D
1297,C,D,B,D,A
1298,B,A,C,C,B
1299,A,E,A,E,C
1300,D,D,E,B,B
1301,C,E,C,A,C
1302,A,B,D,D,D
1303,B,C,B,C,A
1304,E,A,A,E,E
1305,E,A,D,E,D
1306,C,E,C,D,E
1307,A,B,E,C,A
1308,B,D,B,B,B
1309,D,C,A,A,C
1310,A,D,D,D,B
1311,E,C,C,A,D
1312,D,B,B,C,E
1313,B,E,A,B,A
1314,C,A,E,E,C
1315,B,D,E,D,D
1316,A,A,A,C,B
1317,D,C,B,A,E
1318,E,E,C,B,A
1319,C,B,D,E,C
1320,D,E,E,D,E
1321,C,D,A,E,D
1322,E,B,C,A,A
1323,B,C,D,B,C
1324,A,A,B,C,B
1325,C,E,B,D,A
1326,B,A,A,B,B
1327,D,D,C,C,D
1328,E,C,E,A,E
1329,A,B,D,E,C
1330,A,D,A,C,C
1331,E,C,C,D,D
1332,B,A,E,B,E
1333,D,E,D,A,B
1334,C,B,B,E,A
1335,E,C,D,C,C
1336,D,B,B,B,E
1337,C,A,C,A,B
1338,A,E,E,E,A
1339,B,D,A,D,D
1340,A,A,D,E,B
1341,E,B,A,D,D
1342,B,E,B,A,A
1343,C,C,C,B,C
1344,D,D,E,C,E
1345,C,E,E,D,D
1346,B,B,C,B,A
1347,D,C,A,C,E
1348,E,D,D,E,B
1349,A,A,B,A,C
1350,C,E,E,B,B
1351,D,A,C,E,E
1352,A,C,B,D,C
1353,B,D,A,A,D
1354,E,B,D,C,A
1355,C,D,E,D,C
1356,B,A,D,E,B
1357,A,B,C,C,E
1358,E,C,A,A,A
1359,D,E,B,B,D
1360,C,E,C,D,B
1361,B,D,E,C,D
1362,A,A,A,B,E
1363,E,C,B,E,C
1364,D,B,D,A,A
1365,A,A,A,A,A
1366,B,B,E,E,B
1367,E,E,C,B,E
1368,C,C,B,C,C
1369,D,D,D,D,D
1370,A,A,E,B,D
1371,E,B,C,C,E
1372,C,E,D,A,A
1373,B,C,A,D,C
1374,D,D,B,E,B
1375,D,B,D,A,B
1376,A,C,C,C,A
1377,E,E,B,D,C
1378,C,A,A,B,E
1379,B,D,E,E,D
1380,D,B,D,C,E
1381,B,A,E,E,A
1382,A,E,A,B,C
1383,E,D,C,D,B
1384,C,C,B,A,D
1385,E,D,C,B,B
1386,D,C,E,D,C
1387,A,E,D,A,E
1388,C,B,A,C,A
1389,B,A,B,E,D
1390,E,B,C,B,D
1391,C,E,E,A,B
1392,A,D,B,D,A
1393,B,C,A,E,C
1394,D,A,D,C,E
1395,A,E,B,A,A
1396,B,B,C,C,C
1397,D,A,E,E,B
1398,E,D,A,B,E
1399,C,C,D,D,D
1400,B,E,B,A,B
1401,D,A,C,B,A
1402,E,C,D,E,E
1403,C,B,A,D,C
1404,A,D,E,C,D
1405,B,E,C,D,D
1406,A,C,D,A,C
1407,D,B,A,E,B
1408,E,A,E,B,A
1409,C,D,B,C,E
1410,C,D,A,D,B
1411,E,B,E,C,D
1412,B,C,C,B,A
1413,A,A,B,A,C
1414,D,E,D,E,E
1415,D,C,A,A,E
1416,B,E,B,D,B
1417,E,D,D,E,C
1418,A,A,C,B,D
1419,C,B,E,C,A
1420,B,C,E,A,A
1421,A,A,D,E,C
1422,E,B,C,B,B
1423,C,E,B,D,E
1424,D,D,A,C,D
1425,A,C,E,E,B
1426,C,D,B,C,D
1427,E,B,C,B,C
1428,B,E,A,D,A
1429,D,A,D,A,E
1430,E,A,B,C,A
1431,C,B,D,D,C
1432,A,E,C,E,D
1433,B,C,E,B,B
1434,D,D,A,A,E
1435,A,E,E,D,B
1436,C,B,D,A,A
1437,E,A,C,B,E
1438,D,C,A,E,C
1439,B,D,B,C,D
1440,C,D,A,D,B
1441,D,C,D,E,C
1442,E,E,E,A,E
1443,B,A,C,B,D
1444,A,B,B,C,A
1445,B,D,E,A,E
1446,A,A,C,D,D
1447,D,C,D,B,A
1448,E,E,B,E,C
1449,C,B,A,C,B
1450,A,C,A,D,A
1451,B,A,E,E,E
1452,D,B,B,B,D
1453,C,E,D,A,C
1454,E,D,C,C,B
1455,D,B,D,B,E
1456,A,A,E,A,D
1457,C,D,A,E,C
1458,E,E,B,C,A
1459,B,C,C,D,B
1460,B,A,C,C,E
1461,E,D,E,D,D
1462,A,C,A,A,B
1463,D,B,D,B,A
1464,C,E,B,E,C
1465,A,D,B,E,D
1466,E,A,A,B,C
1467,C,B,C,D,E
1468,B,C,D,C,B
1469,D,E,E,A,A
1470,E,B,D,C,D
1471,C,C,E,B,A
1472,D,A,C,E,E
1473,B,E,B,D,C
1474,A,D,A,A,B
1475,C,C,A,E,E
1476,E,A,C,B,A
1477,B,D,B,C,B
1478,D,B,E,D,C
1479,A,E,D,A,D
1480,E,A,A,E,B
1481,A,E,C,D,E
1482,C,C,D,B,D
1483,B,B,B,A,A
1484,D,D,E,C,C
1485,E,A,D,D,C
1486,D,C,B,E,A
1487,A,B,A,A,D
1488,B,D,C,C,E
1489,C,E,E,B,B
1490,A,B,C,C,A
1491,D,D,A,B,D
1492,B,E,B,D,B
1493,C,C,E,A,E
1494,E,A,D,E,C
1495,A,D,B,E,E
1496,C,E,E,D,C
1497,B,C,A,C,A
1498,D,B,C,B,B
1499,E,A,D,A,D
1500,A,E,E,D,C
1501,B,B,B,A,A
1502,D,D,C,E,E
1503,C,C,A,B,D
1504,E,A,D,C,B
1505,B,D,A,D,B
1506,A,E,B,B,E
1507,D,C,E,C,D
1508,E,A,D,E,C
1509,C,B,C,A,A
1510,A,C,A,C,B
1511,E,D,C,D,A
1512,B,A,B,A,D
1513,D,B,E,E,E
1514,C,E,D,B,C
1515,A,A,B,C,E
1516,E,C,A,D,D
1517,C,B,E,A,A
1518,D,D,D,B,B
1519,B,E,C,E,C
1520,A,C,D,D,B
1521,E,D,C,C,A
1522,D,A,E,A,E
1523,C,E,A,E,D
1524,B,B,B,B,C
1525,E,E,C,D,B
1526,B,D,E,C,A
1527,C,B,D,B,D
1528,D,C,B,A,C
1529,A,A,A,E,E
1530,C,C,D,D,D
1531,E,A,C,E,A
1532,B,E,A,B,E
1533,D,B,B,C,C
1534,A,D,E,A,B
1535,C,D,E,C,C
1536,D,E,C,B,B
1537,A,B,D,D,D
1538,B,A,A,E,A
1539,E,C,B,A,E
1540,E,E,B,E,B
1541,A,B,E,D,D
1542,C,A,D,B,E
1543,B,D,C,C,C
1544,D,C,A,A,A
1545,D,D,E,C,B
1546,E,B,D,D,A
1547,C,E,C,E,D
1548,B,C,B,A,C
1549,A,A,A,B,E
1550,C,A,D,A,D
1551,D,D,A,B,B
1552,A,C,C,C,E
1553,E,E,B,E,C
1554,B,B,E,D,A
1555,C,D,E,C,A
1556,D,C,A,B,E
1557,E,B,C,A,B
1558,A,A,B,D,D
1559,B,E,D,E,C
1560,A,A,E,A,D
1561,B,E,A,E,A
1562,E,D,B,D,E
1563,C,C,C,C,B
1564,D,B,D,B,C
1565,A,C,C,A,A
1566,E,A,B,B,D
1567,D,E,D,C,C
1568,C,B,E,D,B
1569,B,D,A,E,E
1570,E,B,A,D,A
1571,D,E,C,C,E
1572,B,A,E,E,C
1573,A,D,B,A,D
1574,C,C,D,B,B
1575,A,D,D,D,C
1576,E,E,A,A,E
1577,C,A,E,B,A
1578,B,B,C,E,D
1579,D,C,B,C,B
1580,B,E,E,D,C
1581,D,C,B,E,E
1582,C,A,D,C,B
1583,A,B,C,A,A
1584,E,D,A,B,D
1585,A,B,A,C,B
1586,C,D,B,D,C
1587,E,E,E,A,A
1588,B,C,D,B,E
1589,D,A,C,E,D
1590,E,E,D,A,D
1591,B,C,E,E,A
1592,D,A,B,C,E
1593,A,D,A,D,C
1594,C,B,C,B,B
1595,A,A,A,B,B
1596,C,C,D,A,E
1597,E,E,C,E,D
1598,B,D,B,D,C
1599,D,B,E,C,A
1600,E,A,A,D,A
1601,A,D,B,C,B
1602,C,C,D,B,E
1603,B,E,E,A,C
1604,D,B,C,E,D
1605,C,B,D,D,C
1606,A,C,B,B,A
1607,D,D,A,E,B
1608,B,E,E,C,E
1609,E,A,C,A,D
1610,B,C,B,B,D
1611,E,A,D,D,E
1612,C,B,A,E,C
1613,A,D,C,C,B
1614,D,E,E,A,A
1615,B,C,A,D,E
1616,D,B,B,E,C
1617,C,D,E,A,D
1618,E,A,C,C,B
1619,A,E,D,B,A
1620,D,D,B,A,E
1621,B,A,C,D,B
1622,A,B,E,B,D
1623,E,E,D,C,A
1624,C,C,A,E,C
1625,D,A,D,B,A
1626,E,E,C,D,B
1627,B,B,B,A,E
1628,A,D,A,E,D
1629,C,C,E,C,C
1630,A,E,E,E,D
1631,D,D,D,B,C
1632,E,C,B,C,E
1633,B,B,C,D,B
1634,C,A,A,A,A
1635,E,A,E,E,A
1636,C,C,D,C,D
1637,D,E,C,B,B
1638,B,B,B,D,C
1639,A,D,A,A,E
1640,D,A,E,B,D
1641,C,E,D,E,C
1642,A,D,C,D,A
1643,B,B,A,A,B
1644,E,C,B,C,E
1645,A,D,A,D,C
1646,E,B,B,B,A
1647,D,C,D,A,D
1648,B,A,C,E,E
1649,C,E,E,C,B
1650,C,E,D,E,C
1651,A,D,C,A,E
1652,B,A,A,D,B
1653,E,B,B,B,A
1654,D,C,E,C,D
1655,B,A,B,E,D
1656,E,D,E,D,C
1657,C,B,C,B,E
1658,D,E,A,A,A
1659,A,C,D,C,B
1660,B,A,C,B,C
1661,D,E,E,D,E
1662,A,D,B,C,B
1663,C,B,D,A,D
1664,E,C,A,E,A
1665,B,C,D,B,D
1666,E,A,C,D,E
1667,A,E,A,C,B
1668,D,D,E,E,A
1669,C,B,B,A,C
1670,C,E,D,A,B
1671,E,C,C,B,D
1672,A,D,E,C,C
1673,D,A,A,E,A
1674,B,B,B,D,E
1675,B,B,E,C,E
1676,A,D,A,A,A
1677,D,E,D,E,C
1678,C,A,C,D,D
1679,E,C,B,B,B
1680,D,E,A,B,C
1681,B,D,D,E,D
1682,C,B,B,A,E
1683,E,C,E,D,B
1684,A,A,C,C,A
1685,E,E,C,E,E
1686,D,B,B,C,B
1687,C,C,E,D,D
1688,A,D,A,A,A
1689,B,A,D,B,C
1690,C,D,D,E,A
1691,A,A,E,A,C
1692,B,C,C,D,B
1693,E,E,B,B,D
1694,D,B,A,C,E
1695,D,E,C,D,C
1696,B,A,D,A,A
1697,A,B,E,E,B
1698,C,D,A,C,E
1699,E,C,B,B,D
1700,B,C,E,D,D
1701,D,E,C,E,C
1702,C,D,D,A,A
1703,E,B,B,B,E
1704,A,A,A,C,B
1705,D,A,C,B,B
1706,A,E,D,E,D
1707,B,C,A,A,E
1708,E,B,E,C,A
1709,C,D,B,D,C
1710,C,A,D,D,B
1711,A,D,A,A,D
1712,D,E,B,C,C
1713,E,B,E,B,E
1714,B,C,C,E,A
1715,B,D,E,B,D
1716,A,B,D,C,C
1717,D,A,A,A,A
1718,C,E,C,E,B
1719,E,C,B,D,E
1720,C,E,D,D,B
1721,D,D,E,B,C
1722,B,C,B,A,D
1723,E,B,C,C,E
1724,A,A,A,E,A
1725,A,A,E,B,E
1726,D,B,A,A,C
1727,C,C,C,E,A
1728,E,E,D,C,B
1729,B,D,B,D,D
1730,C,B,E,A,A
1731,E,C,C,E,E
1732,B,D,B,C,C
1733,D,E,A,D,B
1734,A,A,D,B,D
1735,B,E,E,D,A
1736,C,C,C,E,D
1737,A,A,D,C,E
1738,D,B,B,A,B
1739,E,D,A,B,C
1740,C,D,A,C,A
1741,D,C,B,E,B
1742,A,B,E,B,C
1743,E,E,C,D,E
1744,B,A,D,A,D
1745,E,A,C,B,C
1746,B,C,B,A,A
1747,A,B,E,E,E
1748,C,D,A,D,B
1749,D,E,D,C,D
1750,C,A,D,A,E
1751,E,D,E,C,D
1752,D,E,A,E,C
1753,A,C,B,B,B
1754,B,B,C,D,A
1755,D,E,C,E,B
1756,A,A,B,D,A
1757,E,B,E,B,C
1758,C,C,D,A,E
1759,B,D,A,C,D
1760,C,C,A,D,D
1761,D,D,E,E,B
1762,A,E,B,B,A
1763,B,A,C,A,C
1764,E,B,D,C,E
1765,A,B,A,E,D
1766,E,D,B,C,A
1767,C,A,C,A,B
1768,B,E,E,B,C
1769,D,C,D,D,E
1770,C,A,C,E,A
1771,E,C,B,D,D
1772,A,E,E,B,C
1773,B,B,A,C,B
1774,D,D,D,A,E
1775,E,A,C,C,D
1776,C,D,E,B,E
1777,A,C,B,D,A
1778,D,B,A,A,C
1779,B,E,D,E,B
1780,C,D,E,E,C
1781,A,E,C,A,A
1782,B,C,D,D,D
1783,D,A,B,C,E
1784,E,B,A,B,B
1785,B,C,C,D,B
1786,E,A,A,C,E
1787,C,E,E,B,C
1788,D,D,B,E,A
1789,A,B,D,A,D
1790,D,B,E,C,C
1791,B,D,C,A,D
1792,A,C,B,E,A
1793,E,E,D,D,E
1794,C,A,A,B,B
1795,A,D,C,E,C
1796,C,B,A,B,D
1797,B,E,E,D,B
1798,E,C,B,A,A
1799,D,A,D,C,E
1800,A,D,C,B,E
1801,C,B,B,A,D
1802,E,A,E,C,B
1803,B,E,A,E,C
1804,D,C,D,D,A
1805,C,B,B,C,D
1806,B,D,C,E,E
1807,E,A,A,A,A
1808,A,C,D,B,B
1809,D,E,E,D,C
1810,E,B,E,E,B
1811,B,A,C,A,A
1812,C,D,B,D,D
1813,A,C,A,B,E
1814,D,E,D,C,C
1815,D,E,B,B,C
1816,B,C,E,A,B
1817,E,D,D,D,E
1818,A,B,A,C,A
1819,C,A,C,E,D
1820,B,C,A,E,B
1821,C,D,B,D,E
1822,A,E,C,C,C
1823,E,A,E,B,D
1824,D,B,D,A,A
1825,B,C,B,B,C
1826,A,E,C,A,D
1827,D,B,E,E,A
1828,E,A,A,C,E
1829,C,D,D,D,B
1830,A,D,D,C,D
1831,D,C,C,D,E
1832,C,E,E,B,C
1833,B,A,A,E,B
1834,E,B,B,A,A
1835,E,B,C,A,A
1836,A,C,A,B,C
1837,D,D,D,D,D
1838,B,A,B,E,B
1839,C,E,E,C,E
1840,C,D,C,C,C
1841,D,A,D,D,B
1842,E,B,E,A,A
1843,B,E,B,B,D
1844,A,C,A,E,E
1845,D,D,E,A,E
1846,E,B,A,B,C
1847,B,E,C,C,A
1848,C,A,D,D,B
1849,A,C,B,E,D
1850,B,A,C,E,C
1851,E,C,D,A,A
1852,C,E,A,D,D
1853,A,B,E,C,E
1854,D,D,B,B,B
1855,D,C,B,D,D
1856,B,D,A,E,E
1857,A,B,C,C,C
1858,E,A,E,A,A
1859,C,E,D,B,B
1860,D,B,C,C,B
1861,C,A,D,E,A
1862,E,C,A,B,D
1863,B,D,E,A,E
1864,A,E,B,D,C
1865,A,C,A,C,C
1866,E,A,E,B,B
1867,C,E,D,E,E
1868,D,D,B,D,D
1869,B,B,C,A,A
1870,A,B,D,A,C
1871,E,D,E,C,E
1872,C,C,C,D,B
1873,B,A,B,B,D
1874,D,E,A,E,A
1875,E,A,B,B,E
1876,D,D,C,D,B
1877,C,C,A,A,C
1878,B,E,E,E,D
1879,A,B,D,C,A
1880,E,D,E,A,B
1881,B,A,B,B,D
1882,A,E,C,E,C
1883,C,C,A,C,A
1884,D,B,D,D,E
1885,C,D,D,D,C
1886,B,C,E,C,A
1887,E,B,C,E,B
1888,D,A,A,B,D
1889,A,E,B,A,E
1890,A,D,D,B,A
1891,D,E,C,D,B
1892,C,C,A,C,E
1893,E,A,B,E,D
1894,B,B,E,A,C
1895,D,B,E,D,A
1896,E,D,D,E,D
1897,A,A,C,B,C
1898,B,E,A,C,B
1899,C,C,B,A,E
1900,C,E,D,C,A
1901,B,D,A,E,E
1902,E,C,C,D,D
1903,D,A,B,A,B
1904,A,B,E,B,C
1905,B,B,A,A,B
1906,A,A,B,B,E
1907,E,C,D,C,A
1908,C,E,E,E,D
1909,D,D,C,D,C
1910,C,C,B,C,D
1911,E,E,C,A,B
1912,A,B,D,E,E
1913,D,A,E,B,C
1914,B,D,A,D,A
1915,B,B,D,E,B
1916,D,E,A,B,D
1917,A,D,E,C,C
1918,C,C,B,D,A
1919,E,A,C,A,E
1920,B,A,B,C,E
1921,C,E,A,A,C
1922,E,D,C,B,B
1923,D,B,D,E,A
1924,A,C,E,D,D
1925,D,E,E,E,E
1926,B,C,A,D,C
1927,A,A,D,A,D
1928,C,D,B,B,A
1929,E,B,C,C,B
1930,D,D,B,C,A
1931,C,E,D,D,C
1932,E,C,C,E,D
1933,A,B,A,A,E
1934,B,A,E,B,B
1935,D,B,C,D,A
1936,E,C,B,A,E
1937,B,A,A,B,D
1938,A,D,D,E,B
1939,C,E,E,C,C
1940,E,A,C,E,A
1941,D,D,A,B,E
1942,A,B,B,D,D
1943,C,E,E,C,B
1944,B,C,D,A,C
1945,D,E,C,D,D
1946,B,A,E,C,C
1947,E,D,D,A,A
1948,C,B,A,E,B
1949,A,C,B,B,E
1950,E,A,E,B,D
1951,C,E,D,D,A
1952,B,D,C,C,E
1953,D,C,A,E,C
1954,A,B,B,A,B
1955,B,A,A,B,C
1956,E,B,D,A,E
1957,D,E,C,C,D
1958,A,C,B,D,A
1959,C,D,E,E,B
1960,C,E,E,E,C
1961,D,C,C,C,A
1962,B,B,A,B,B
1963,A,D,D,A,E
1964,E,A,B,D,D
1965,B,B,C,D,A
1966,A,D,B,E,E
1967,C,C,A,B,B
1968,D,E,D,C,D
1969,E,A,E,A,C
1970,D,A,C,E,D
1971,A,D,D,D,E
1972,B,C,B,C,A
1973,C,B,A,B,B
1974,E,E,E,A,C
1975,C,C,B,A,C
1976,A,D,A,E,B
1977,E,B,C,D,D
1978,D,E,E,B,A
1979,B,A,D,C,E
1980,E,D,A,E,D
1981,D,E,E,D,C
1982,A,A,C,C,B
1983,B,C,D,A,A
1984,C,B,B,B,E
1985,C,C,C,B,C
1986,E,A,D,A,D
1987,A,D,B,C,E
1988,B,B,A,D,B
1989,D,E,E,E,A
1990,C,B,A,B,A
1991,A,A,C,A,D
1992,D,C,D,C,C
1993,E,D,E,E,E
1994,B,E,B,D,B
1995,C,B,B,B,C
1996,A,D,D,E,B
1997,D,E,E,A,E
1998,B,C,A,D,D
1999,E,A,C,C,A
